﻿<?xml version="1.0" encoding="utf-8"?>
<doc>
  <assembly>
    <name>Accessibility</name>
  </assembly>
  <members>
    <member name="T:Accessibility.__MIDL_IWinTypes_0009">
      <summary>
                    The <see cref="T:Accessibility.__MIDL_IWinTypes_0009" /> and all of its exposed members are part of a managed wrapper for the Component Object Model (COM) accessibility interface.
                </summary>
    </member>
    <member name="F:Accessibility.__MIDL_IWinTypes_0009.hInproc">
      <summary>
                    The <see cref="T:Accessibility.__MIDL_IWinTypes_0009" /> and all of its exposed members are part of a managed wrapper for the Component Object Model (COM) accessibility interface.
                </summary>
    </member>
    <member name="F:Accessibility.__MIDL_IWinTypes_0009.hRemote">
      <summary>
                    The <see cref="T:Accessibility.__MIDL_IWinTypes_0009" /> and all of its exposed members are part of a managed wrapper for the Component Object Model (COM) accessibility interface.
                </summary>
    </member>
    <member name="T:Accessibility._RemotableHandle">
      <summary>
                    The <see cref="T:Accessibility.IAccessibleHandler" /> and all of its exposed members are part of a managed wrapper for the Component Object Model (COM) accessibility interface.
                </summary>
    </member>
    <member name="F:Accessibility._RemotableHandle.fContext">
      <summary>
                    The <see cref="T:Accessibility.IAccessibleHandler" /> and all of its exposed members are part of a managed wrapper for the Component Object Model (COM) accessibility interface.
                </summary>
    </member>
    <member name="F:Accessibility._RemotableHandle.u">
      <summary>
                    The <see cref="T:Accessibility.IAccessibleHandler" /> and all of its exposed members are part of a managed wrapper for the Component Object Model (COM) accessibility interface.
                </summary>
    </member>
    <member name="T:Accessibility.AnnoScope">
      <summary>
                    The <see cref="T:Accessibility.AnnoScope" /> and all of its exposed members are part of a managed wrapper for the Component Object Model (COM) accessibility interface.
                </summary>
    </member>
    <member name="F:Accessibility.AnnoScope.ANNO_THIS">
      <summary>
                    Annotation is scoped to the immediate object.
                </summary>
    </member>
    <member name="F:Accessibility.AnnoScope.ANNO_CONTAINER">
      <summary>
                    Annotation is scoped to the container object.
                </summary>
    </member>
    <member name="T:Accessibility.CAccPropServices">
      <summary>
                    The <see cref="T:Accessibility.CAccPropServices" /> and all of its exposed members are part of a managed wrapper for the Component Object Model (COM) IAccPropServices interface.
                </summary>
    </member>
    <member name="T:Accessibility.CAccPropServicesClass">
      <summary>
                    The <see cref="T:Accessibility.CAccPropServicesClass" /> and all of its exposed members are part of a managed wrapper for the Component Object Model (COM) IAccPropServices interface.
                </summary>
    </member>
    <member name="M:Accessibility.CAccPropServicesClass.#ctor">
      <summary>
                    The <see cref="T:Accessibility.CAccPropServicesClass" /> and all of its exposed members are part of a managed wrapper for the Component Object Model (COM) IAccPropServices interface.
                </summary>
    </member>
    <member name="M:Accessibility.CAccPropServicesClass.ClearHmenuProps(Accessibility._RemotableHandle@,System.UInt32,System.Guid@,System.Int32)">
      <summary>
                    The <see cref="T:Accessibility.CAccPropServicesClass" /> and all of its exposed members are part of a managed wrapper for the Component Object Model (COM) IAccPropServices interface.
                </summary>
      <param name="hmenu"></param>
      <param name="idChild"></param>
      <param name="paProps"></param>
      <param name="cProps"></param>
    </member>
    <member name="M:Accessibility.CAccPropServicesClass.ClearHwndProps(Accessibility._RemotableHandle@,System.UInt32,System.UInt32,System.Guid@,System.Int32)">
      <summary>
                    The <see cref="T:Accessibility.CAccPropServicesClass" /> and all of its exposed members are part of a managed wrapper for the Component Object Model (COM) IAccPropServices interface.
                </summary>
      <param name="hwnd"></param>
      <param name="idObject"></param>
      <param name="idChild"></param>
      <param name="paProps"></param>
      <param name="cProps"></param>
    </member>
    <member name="M:Accessibility.CAccPropServicesClass.ClearProps(System.Byte@,System.UInt32,System.Guid@,System.Int32)">
      <summary>
                    The <see cref="T:Accessibility.CAccPropServicesClass" /> and all of its exposed members are part of a managed wrapper for the Component Object Model (COM) IAccPropServices interface.
                </summary>
      <param name="pIDString"></param>
      <param name="dwIDStringLen"></param>
      <param name="paProps"></param>
      <param name="cProps"></param>
    </member>
    <member name="M:Accessibility.CAccPropServicesClass.ComposeHmenuIdentityString(Accessibility._RemotableHandle@,System.UInt32,System.IntPtr,System.UInt32@)">
      <summary>
                    The <see cref="T:Accessibility.CAccPropServicesClass" /> and all of its exposed members are part of a managed wrapper for the Component Object Model (COM) IAccPropServices interface.
                </summary>
      <param name="hmenu"></param>
      <param name="idChild"></param>
      <param name="ppIDString"></param>
      <param name="pdwIDStringLen"></param>
    </member>
    <member name="M:Accessibility.CAccPropServicesClass.ComposeHwndIdentityString(Accessibility._RemotableHandle@,System.UInt32,System.UInt32,System.IntPtr,System.UInt32@)">
      <summary>
                    The <see cref="T:Accessibility.CAccPropServicesClass" /> and all of its exposed members are part of a managed wrapper for the Component Object Model (COM) IAccPropServices interface.
                </summary>
      <param name="hwnd"></param>
      <param name="idObject"></param>
      <param name="idChild"></param>
      <param name="ppIDString"></param>
      <param name="pdwIDStringLen"></param>
    </member>
    <member name="M:Accessibility.CAccPropServicesClass.DecomposeHmenuIdentityString(System.Byte@,System.UInt32,System.IntPtr,System.UInt32@)">
      <summary>
                    The <see cref="T:Accessibility.CAccPropServicesClass" /> and all of its exposed members are part of a managed wrapper for the Component Object Model (COM) IAccPropServices interface.
                </summary>
      <param name="pIDString"></param>
      <param name="dwIDStringLen"></param>
      <param name="phmenu"></param>
      <param name="pidChild"></param>
    </member>
    <member name="M:Accessibility.CAccPropServicesClass.DecomposeHwndIdentityString(System.Byte@,System.UInt32,System.IntPtr,System.UInt32@,System.UInt32@)">
      <summary>
                    The <see cref="T:Accessibility.CAccPropServicesClass" /> and all of its exposed members are part of a managed wrapper for the Component Object Model (COM) IAccPropServices interface.
                </summary>
      <param name="pIDString"></param>
      <param name="dwIDStringLen"></param>
      <param name="phwnd"></param>
      <param name="pidObject"></param>
      <param name="pidChild"></param>
    </member>
    <member name="M:Accessibility.CAccPropServicesClass.SetHmenuProp(Accessibility._RemotableHandle@,System.UInt32,System.Guid,System.Object)">
      <summary>
                    The <see cref="T:Accessibility.CAccPropServicesClass" /> and all of its exposed members are part of a managed wrapper for the Component Object Model (COM) IAccPropServices interface.
                </summary>
      <param name="hmenu"></param>
      <param name="idChild"></param>
      <param name="idProp"></param>
      <param name="var"></param>
    </member>
    <member name="M:Accessibility.CAccPropServicesClass.SetHmenuPropServer(Accessibility._RemotableHandle@,System.UInt32,System.Guid@,System.Int32,Accessibility.IAccPropServer,Accessibility.AnnoScope)">
      <summary>
                    The <see cref="T:Accessibility.CAccPropServicesClass" /> and all of its exposed members are part of a managed wrapper for the Component Object Model (COM) IAccPropServices interface.
                </summary>
      <param name="hmenu"></param>
      <param name="idChild"></param>
      <param name="paProps"></param>
      <param name="cProps"></param>
      <param name="pServer"></param>
      <param name="AnnoScope"></param>
    </member>
    <member name="M:Accessibility.CAccPropServicesClass.SetHmenuPropStr(Accessibility._RemotableHandle@,System.UInt32,System.Guid,System.String)">
      <summary>
                    The <see cref="T:Accessibility.CAccPropServicesClass" /> and all of its exposed members are part of a managed wrapper for the Component Object Model (COM) IAccPropServices interface.
                </summary>
      <param name="hmenu"></param>
      <param name="idChild"></param>
      <param name="idProp"></param>
      <param name="str"></param>
    </member>
    <member name="M:Accessibility.CAccPropServicesClass.SetHwndProp(Accessibility._RemotableHandle@,System.UInt32,System.UInt32,System.Guid,System.Object)">
      <summary>
                    The <see cref="T:Accessibility.CAccPropServicesClass" /> and all of its exposed members are part of a managed wrapper for the Component Object Model (COM) IAccPropServices interface.
                </summary>
      <param name="hwnd"></param>
      <param name="idObject"></param>
      <param name="idChild"></param>
      <param name="idProp"></param>
      <param name="var"></param>
    </member>
    <member name="M:Accessibility.CAccPropServicesClass.SetHwndPropServer(Accessibility._RemotableHandle@,System.UInt32,System.UInt32,System.Guid@,System.Int32,Accessibility.IAccPropServer,Accessibility.AnnoScope)">
      <summary>
                    The <see cref="T:Accessibility.CAccPropServicesClass" /> and all of its exposed members are part of a managed wrapper for the Component Object Model (COM) IAccPropServices interface.
                </summary>
      <param name="hwnd"></param>
      <param name="idObject"></param>
      <param name="idChild"></param>
      <param name="paProps"></param>
      <param name="cProps"></param>
      <param name="pServer"></param>
      <param name="AnnoScope"></param>
    </member>
    <member name="M:Accessibility.CAccPropServicesClass.SetHwndPropStr(Accessibility._RemotableHandle@,System.UInt32,System.UInt32,System.Guid,System.String)">
      <summary>
                    The <see cref="T:Accessibility.CAccPropServicesClass" /> and all of its exposed members are part of a managed wrapper for the Component Object Model (COM) IAccPropServices interface.
                </summary>
      <param name="hwnd"></param>
      <param name="idObject"></param>
      <param name="idChild"></param>
      <param name="idProp"></param>
      <param name="str"></param>
    </member>
    <member name="M:Accessibility.CAccPropServicesClass.SetPropServer(System.Byte@,System.UInt32,System.Guid@,System.Int32,Accessibility.IAccPropServer,Accessibility.AnnoScope)">
      <summary>
                    The <see cref="T:Accessibility.CAccPropServicesClass" /> and all of its exposed members are part of a managed wrapper for the Component Object Model (COM) IAccPropServices interface.
                </summary>
      <param name="pIDString"></param>
      <param name="dwIDStringLen"></param>
      <param name="paProps"></param>
      <param name="cProps"></param>
      <param name="pServer"></param>
      <param name="AnnoScope"></param>
    </member>
    <member name="M:Accessibility.CAccPropServicesClass.SetPropValue(System.Byte@,System.UInt32,System.Guid,System.Object)">
      <summary>
                    The <see cref="T:Accessibility.CAccPropServicesClass" /> and all of its exposed members are part of a managed wrapper for the Component Object Model (COM) IAccPropServices interface.
                </summary>
      <param name="pIDString"></param>
      <param name="dwIDStringLen"></param>
      <param name="idProp"></param>
      <param name="var"></param>
    </member>
    <member name="T:Accessibility.IAccessible">
      <summary>
                    The <see cref="T:Accessibility.IAccessible" /> interface and all of its exposed members are part of a managed wrapper for the Component Object Model (COM) IAccessible interface.
                </summary>
    </member>
    <member name="P:Accessibility.IAccessible.accChild(System.Object)">
      <summary>
                    The <see cref="T:Accessibility.IAccessible" /> interface and all of its exposed members are part of a managed wrapper for the Component Object Model (COM) IAccessible interface.
                </summary>
      <returns>
                    An object.
                </returns>
      <param name="varChild">
                    This parameter is intended for internal use only.
                </param>
    </member>
    <member name="P:Accessibility.IAccessible.accChildCount">
      <summary>
                    The <see cref="T:Accessibility.IAccessible" /> interface and all of its exposed members are part of a managed wrapper for the Component Object Model (COM) IAccessible interface.
                </summary>
      <returns>
                    An integer representing the count.
                </returns>
    </member>
    <member name="P:Accessibility.IAccessible.accDefaultAction(System.Object)">
      <summary>
                    The <see cref="T:Accessibility.IAccessible" /> interface and all of its exposed members are part of a managed wrapper for the Component Object Model (COM) IAccessible interface.
                </summary>
      <returns>
                    A string representing the action.
                </returns>
      <param name="varChild">
                    This parameter is intended for internal use only.
                </param>
    </member>
    <member name="P:Accessibility.IAccessible.accDescription(System.Object)">
      <summary>
                    The <see cref="T:Accessibility.IAccessible" /> interface and all of its exposed members are part of a managed wrapper for the Component Object Model (COM) IAccessible interface.
                </summary>
      <returns>
                    A string representing the description.
                </returns>
      <param name="varChild">
                    This parameter is intended for internal use only.
                </param>
    </member>
    <member name="M:Accessibility.IAccessible.accDoDefaultAction(System.Object)">
      <summary>
                    The <see cref="T:Accessibility.IAccessible" /> interface and all of its exposed members are part of a managed wrapper for the Component Object Model (COM) IAccessible interface.
                </summary>
      <param name="varChild">
                    This parameter is intended for internal use only.
                </param>
    </member>
    <member name="P:Accessibility.IAccessible.accFocus">
      <summary>
                    The <see cref="T:Accessibility.IAccessible" /> interface and all of its exposed members are part of a managed wrapper for the Component Object Model (COM) IAccessible interface.
                </summary>
    </member>
    <member name="P:Accessibility.IAccessible.accHelp(System.Object)">
      <summary>
                    The <see cref="T:Accessibility.IAccessible" /> interface and all of its exposed members are part of a managed wrapper for the Component Object Model (COM) IAccessible interface.
                </summary>
      <returns>
                    A string.
                </returns>
      <param name="varChild">
                    This parameter is intended for internal use only.
                </param>
    </member>
    <member name="P:Accessibility.IAccessible.accHelpTopic(System.String@,System.Object)">
      <summary>
                    The <see cref="T:Accessibility.IAccessible" /> interface and all of its exposed members are part of a managed wrapper for the Component Object Model (COM) IAccessible interface.
                </summary>
      <returns>
                    An integer.
                </returns>
      <param name="pszHelpFile">
                    This parameter is intended for internal use only.
                </param>
      <param name="varChild">
                    This parameter is intended for internal use only.
                </param>
    </member>
    <member name="M:Accessibility.IAccessible.accHitTest(System.Int32,System.Int32)">
      <summary>
                    The <see cref="T:Accessibility.IAccessible" /> interface and all of its exposed members are part of a managed wrapper for the Component Object Model (COM) IAccessible interface.
                </summary>
      <returns>
                    An object.
                </returns>
      <param name="xLeft">
                    This parameter is intended for internal use only.
                </param>
      <param name="yTop">
                    This parameter is intended for internal use only.
                </param>
    </member>
    <member name="P:Accessibility.IAccessible.accKeyboardShortcut(System.Object)">
      <summary>
                    The <see cref="T:Accessibility.IAccessible" /> interface and all of its exposed members are part of a managed wrapper for the Component Object Model (COM) IAccessible interface.
                </summary>
      <returns>
                    A string.
                </returns>
      <param name="varChild">
                    This parameter is intended for internal use only.
                </param>
    </member>
    <member name="M:Accessibility.IAccessible.accLocation(System.Int32@,System.Int32@,System.Int32@,System.Int32@,System.Object)">
      <summary>
                    The <see cref="T:Accessibility.IAccessible" /> interface and all of its exposed members are part of a managed wrapper for the Component Object Model (COM) IAccessible interface.
                </summary>
      <param name="pxLeft">
                    This parameter is intended for internal use only.
                </param>
      <param name="pyTop">
                    This parameter is intended for internal use only.
                </param>
      <param name="pcxWidth">
                    This parameter is intended for internal use only.
                </param>
      <param name="pcyHeight">
                    This parameter is intended for internal use only.
                </param>
      <param name="varChild">
                    This parameter is intended for internal use only.
                </param>
    </member>
    <member name="P:Accessibility.IAccessible.accName(System.Object)">
      <summary>
                    The <see cref="T:Accessibility.IAccessible" /> interface and all of its exposed members are part of a managed wrapper for the Component Object Model (COM) IAccessible interface.
                </summary>
      <returns>
                    A string.
                </returns>
      <param name="varChild">
                    This parameter is intended for internal use only.
                </param>
    </member>
    <member name="M:Accessibility.IAccessible.accNavigate(System.Int32,System.Object)">
      <summary>
                    The <see cref="T:Accessibility.IAccessible" /> interface and all of its exposed members are part of a managed wrapper for the Component Object Model (COM) IAccessible interface.
                </summary>
      <param name="navDir">
                    This parameter is intended for internal use only.
                </param>
      <param name="varStart">
                    This parameter is intended for internal use only.
                </param>
    </member>
    <member name="P:Accessibility.IAccessible.accParent">
      <summary>
                    The <see cref="T:Accessibility.IAccessible" /> interface and all of its exposed members are part of a managed wrapper for the Component Object Model (COM) IAccessible interface.
                </summary>
      <returns>
                    An object.
                </returns>
    </member>
    <member name="P:Accessibility.IAccessible.accRole(System.Object)">
      <summary>
                    The <see cref="T:Accessibility.IAccessible" /> interface and all of its exposed members are part of a managed wrapper for the Component Object Model (COM) IAccessible interface.
                </summary>
      <returns>
                    An object.
                </returns>
      <param name="varChild"></param>
    </member>
    <member name="M:Accessibility.IAccessible.accSelect(System.Int32,System.Object)">
      <summary>
                    The <see cref="T:Accessibility.IAccessible" /> interface and all of its exposed members are part of a managed wrapper for the Component Object Model (COM) IAccessible interface.
                </summary>
      <param name="flagsSelect">
                    This parameter is intended for internal use only.
                </param>
      <param name="varChild">
                    This parameter is intended for internal use only.
                </param>
    </member>
    <member name="P:Accessibility.IAccessible.accSelection">
      <summary>
                    The <see cref="T:Accessibility.IAccessible" /> interface and all of its exposed members are part of a managed wrapper for the Component Object Model (COM) IAccessible interface.
                </summary>
      <returns>
                    An object.
                </returns>
    </member>
    <member name="P:Accessibility.IAccessible.accState(System.Object)">
      <summary>
                    The <see cref="T:Accessibility.IAccessible" /> interface and all of its exposed members are part of a managed wrapper for the Component Object Model (COM) IAccessible interface.
                </summary>
      <returns>
                    An object.
                </returns>
      <param name="varChild"></param>
    </member>
    <member name="P:Accessibility.IAccessible.accValue(System.Object)">
      <summary>
                    The <see cref="T:Accessibility.IAccessible" /> interface and all of its exposed members are part of a managed wrapper for the Component Object Model (COM) IAccessible interface.
                </summary>
      <returns>
                    A string.
                </returns>
      <param name="varChild">
                    This parameter is intended for internal use only.
                </param>
    </member>
    <member name="T:Accessibility.IAccessibleHandler">
      <summary>
                    The <see cref="T:Accessibility.IAccessibleHandler" /> and all of its exposed members are part of a managed wrapper for the Component Object Model (COM) IAccessibleHandler interface.
                </summary>
    </member>
    <member name="M:Accessibility.IAccessibleHandler.AccessibleObjectFromID(System.Int32,System.Int32,Accessibility.IAccessible@)">
      <summary>
                    The <see cref="T:Accessibility.IAccessibleHandler" /> and all of its exposed members are part of a managed wrapper for the Component Object Model (COM) IAccessibleHandler interface.
                </summary>
      <param name="hwnd"></param>
      <param name="lObjectID"></param>
      <param name="pIAccessible"></param>
    </member>
    <member name="T:Accessibility.IAccIdentity">
      <summary>
                    The <see cref="T:Accessibility.IAccIdentity" /> and all of its exposed members are part of a managed wrapper for the Component Object Model (COM) IAccIdentity interface.
                </summary>
    </member>
    <member name="M:Accessibility.IAccIdentity.GetIdentityString(System.UInt32,System.IntPtr,System.UInt32@)">
      <summary>
                    The <see cref="T:Accessibility.IAccIdentity" /> and all of its exposed members are part of a managed wrapper for the Component Object Model (COM) IAccIndentity interface.
                </summary>
      <param name="dwIDChild"></param>
      <param name="ppIDString"></param>
      <param name="pdwIDStringLen"></param>
    </member>
    <member name="T:Accessibility.IAccPropServer">
      <summary>
                    The <see cref="T:Accessibility.IAccPropServer" /> and all of its exposed members are part of a managed wrapper for the Component Object Model (COM) IAccPropServer interface.
                </summary>
    </member>
    <member name="M:Accessibility.IAccPropServer.GetPropValue(System.Byte@,System.UInt32,System.Guid,System.Object@,System.Int32@)">
      <summary>
                    The <see cref="T:Accessibility.IAccPropServer" /> and all of its exposed members are part of a managed wrapper for the Component Object Model (COM) IAccPropServer interface.
                </summary>
      <param name="pIDString"></param>
      <param name="dwIDStringLen"></param>
      <param name="idProp"></param>
      <param name="pvarValue"></param>
      <param name="pfHasProp"></param>
    </member>
    <member name="T:Accessibility.IAccPropServices">
      <summary>
                    The <see cref="T:Accessibility.IAccPropServices" /> interface and all of its exposed members are part of a managed wrapper for the Component Object Model (COM) IAccPropServices interface.
                </summary>
    </member>
    <member name="M:Accessibility.IAccPropServices.ClearHmenuProps(Accessibility._RemotableHandle@,System.UInt32,System.Guid@,System.Int32)">
      <summary>
                    The <see cref="T:Accessibility.IAccPropServices" /> interface and all of its exposed members are part of a managed wrapper for the Component Object Model (COM) IAccPropServices interface.
                </summary>
      <param name="hmenu"></param>
      <param name="idChild"></param>
      <param name="paProps"></param>
      <param name="cProps"></param>
    </member>
    <member name="M:Accessibility.IAccPropServices.ClearHwndProps(Accessibility._RemotableHandle@,System.UInt32,System.UInt32,System.Guid@,System.Int32)">
      <summary>
                    The <see cref="T:Accessibility.IAccPropServices" /> interface and all of its exposed members are part of a managed wrapper for the Component Object Model (COM) IAccPropServices interface.
                </summary>
      <param name="hwnd"></param>
      <param name="idObject"></param>
      <param name="idChild"></param>
      <param name="paProps"></param>
      <param name="cProps"></param>
    </member>
    <member name="M:Accessibility.IAccPropServices.ClearProps(System.Byte@,System.UInt32,System.Guid@,System.Int32)">
      <summary>
                    The <see cref="T:Accessibility.IAccPropServices" /> interface and all of its exposed members are part of a managed wrapper for the Component Object Model (COM) IAccPropServices interface.
                </summary>
      <param name="pIDString"></param>
      <param name="dwIDStringLen"></param>
      <param name="paProps"></param>
      <param name="cProps"></param>
    </member>
    <member name="M:Accessibility.IAccPropServices.ComposeHmenuIdentityString(Accessibility._RemotableHandle@,System.UInt32,System.IntPtr,System.UInt32@)">
      <summary>
                    The <see cref="T:Accessibility.IAccPropServices" /> interface and all of its exposed members are part of a managed wrapper for the Component Object Model (COM) IAccPropServices interface.
                </summary>
      <param name="hmenu"></param>
      <param name="idChild"></param>
      <param name="ppIDString"></param>
      <param name="pdwIDStringLen"></param>
    </member>
    <member name="M:Accessibility.IAccPropServices.ComposeHwndIdentityString(Accessibility._RemotableHandle@,System.UInt32,System.UInt32,System.IntPtr,System.UInt32@)">
      <summary>
                    The <see cref="T:Accessibility.IAccPropServices" /> interface and all of its exposed members are part of a managed wrapper for the Component Object Model (COM) IAccPropServices interface.
                </summary>
      <param name="hwnd"></param>
      <param name="idObject"></param>
      <param name="idChild"></param>
      <param name="ppIDString"></param>
      <param name="pdwIDStringLen"></param>
    </member>
    <member name="M:Accessibility.IAccPropServices.DecomposeHmenuIdentityString(System.Byte@,System.UInt32,System.IntPtr,System.UInt32@)">
      <summary>
                    The <see cref="T:Accessibility.IAccPropServices" /> interface and all of its exposed members are part of a managed wrapper for the Component Object Model (COM) IAccPropServices interface.
                </summary>
      <param name="pIDString"></param>
      <param name="dwIDStringLen"></param>
      <param name="phmenu"></param>
      <param name="pidChild"></param>
    </member>
    <member name="M:Accessibility.IAccPropServices.DecomposeHwndIdentityString(System.Byte@,System.UInt32,System.IntPtr,System.UInt32@,System.UInt32@)">
      <summary>
                    The <see cref="T:Accessibility.IAccPropServices" /> interface and all of its exposed members are part of a managed wrapper for the Component Object Model (COM) IAccPropServices interface.
                </summary>
      <param name="pIDString"></param>
      <param name="dwIDStringLen"></param>
      <param name="phwnd"></param>
      <param name="pidObject"></param>
      <param name="pidChild"></param>
    </member>
    <member name="M:Accessibility.IAccPropServices.SetHmenuProp(Accessibility._RemotableHandle@,System.UInt32,System.Guid,System.Object)">
      <summary>
                    The <see cref="T:Accessibility.IAccPropServices" /> interface and all of its exposed members are part of a managed wrapper for the Component Object Model (COM) IAccPropServices interface.
                </summary>
      <param name="hmenu"></param>
      <param name="idChild"></param>
      <param name="idProp"></param>
      <param name="var"></param>
    </member>
    <member name="M:Accessibility.IAccPropServices.SetHmenuPropServer(Accessibility._RemotableHandle@,System.UInt32,System.Guid@,System.Int32,Accessibility.IAccPropServer,Accessibility.AnnoScope)">
      <summary>
                    The <see cref="T:Accessibility.IAccPropServices" /> interface and all of its exposed members are part of a managed wrapper for the Component Object Model (COM) IAccPropServices interface.
                </summary>
      <param name="hmenu"></param>
      <param name="idChild"></param>
      <param name="paProps"></param>
      <param name="cProps"></param>
      <param name="pServer"></param>
      <param name="AnnoScope"></param>
    </member>
    <member name="M:Accessibility.IAccPropServices.SetHmenuPropStr(Accessibility._RemotableHandle@,System.UInt32,System.Guid,System.String)">
      <summary>
                    The <see cref="T:Accessibility.IAccPropServices" /> interface and all of its exposed members are part of a managed wrapper for the Component Object Model (COM) IAccPropServices interface.
                </summary>
      <param name="hmenu"></param>
      <param name="idChild"></param>
      <param name="idProp"></param>
      <param name="str"></param>
    </member>
    <member name="M:Accessibility.IAccPropServices.SetHwndProp(Accessibility._RemotableHandle@,System.UInt32,System.UInt32,System.Guid,System.Object)">
      <summary>
                    The <see cref="T:Accessibility.IAccPropServices" /> interface and all of its exposed members are part of a managed wrapper for the Component Object Model (COM) IAccPropServices interface.
                </summary>
      <param name="hwnd"></param>
      <param name="idObject"></param>
      <param name="idChild"></param>
      <param name="idProp"></param>
      <param name="var"></param>
    </member>
    <member name="M:Accessibility.IAccPropServices.SetHwndPropServer(Accessibility._RemotableHandle@,System.UInt32,System.UInt32,System.Guid@,System.Int32,Accessibility.IAccPropServer,Accessibility.AnnoScope)">
      <summary>
                    The <see cref="T:Accessibility.IAccPropServices" /> interface and all of its exposed members are part of a managed wrapper for the Component Object Model (COM) IAccPropServices interface.
                </summary>
      <param name="hwnd"></param>
      <param name="idObject"></param>
      <param name="idChild"></param>
      <param name="paProps"></param>
      <param name="cProps"></param>
      <param name="pServer"></param>
      <param name="AnnoScope"></param>
    </member>
    <member name="M:Accessibility.IAccPropServices.SetHwndPropStr(Accessibility._RemotableHandle@,System.UInt32,System.UInt32,System.Guid,System.String)">
      <summary>
                    The <see cref="T:Accessibility.IAccPropServices" /> interface and all of its exposed members are part of a managed wrapper for the Component Object Model (COM) IAccPropServices interface.
                </summary>
      <param name="hwnd"></param>
      <param name="idObject"></param>
      <param name="idChild"></param>
      <param name="idProp"></param>
      <param name="str"></param>
    </member>
    <member name="M:Accessibility.IAccPropServices.SetPropServer(System.Byte@,System.UInt32,System.Guid@,System.Int32,Accessibility.IAccPropServer,Accessibility.AnnoScope)">
      <summary>
                    The <see cref="T:Accessibility.IAccPropServices" /> interface and all of its exposed members are part of a managed wrapper for the Component Object Model (COM) IAccPropServices interface.
                </summary>
      <param name="pIDString"></param>
      <param name="dwIDStringLen"></param>
      <param name="paProps"></param>
      <param name="cProps"></param>
      <param name="pServer"></param>
      <param name="AnnoScope"></param>
    </member>
    <member name="M:Accessibility.IAccPropServices.SetPropValue(System.Byte@,System.UInt32,System.Guid,System.Object)">
      <summary>
                    The <see cref="T:Accessibility.IAccPropServices" /> interface and all of its exposed members are part of a managed wrapper for the Component Object Model (COM) IAccPropServices interface.
                </summary>
      <param name="pIDString"></param>
      <param name="dwIDStringLen"></param>
      <param name="idProp"></param>
      <param name="var"></param>
    </member>
  </members>
</doc>