﻿<?xml version="1.0" encoding="utf-8"?>
<doc>
  <assembly>
    <name>Microsoft.Transactions.Bridge</name>
  </assembly>
  <members>
    <member name="T:System.ServiceModel.Internal.TransactionBridge"></member>
    <member name="M:System.ServiceModel.Internal.TransactionBridge.#ctor"></member>
    <member name="M:System.ServiceModel.Internal.TransactionBridge.Init(System.Object)"></member>
    <member name="M:System.ServiceModel.Internal.TransactionBridge.Shutdown"></member>
    <member name="M:System.ServiceModel.Internal.TransactionBridge.Start"></member>
  </members>
</doc>