﻿<?xml version="1.0" encoding="utf-8"?>
<doc>
  <assembly>
    <name>Microsoft.Build.Tasks.v3.5</name>
  </assembly>
  <members>
    <member name="P:Microsoft.Build.Tasks.CallTarget.UseResultsCache">
      <summary>
                    Gets or sets a Boolean value that indicates whether the MSBuild engine will return the built targets from the cache.
                </summary>
      <returns>true if the MSBuild engine will return the built targets from the cache; otherwise, false.
                </returns>
    </member>
    <member name="M:Microsoft.Build.Tasks.CommandLineBuilderExtension.GetQuotedText(System.String)">
      <summary>
                    Returns a quoted string appropriate for appending to a command line.
                </summary>
      <returns>
                    A string representing the new quoted string.
                </returns>
      <param name="unquotedText">
                    The string to convert.
                </param>
    </member>
    <member name="P:Microsoft.Build.Tasks.Copy.OverwriteReadOnlyFiles">
      <summary>
                    Gets or sets a Boolean value that indicates whether to overwrite files even if they are marked as read only files.
                </summary>
      <returns>true if the Copy task should overwrite files even if they are marked as read only files; otherwise, false.
                </returns>
    </member>
    <member name="P:Microsoft.Build.Tasks.CreateItem.PreserveExistingMetadata">
      <summary>
                    Gets or sets a Boolean value that indicates whether to apply the additional metadata only if none already exists.
                </summary>
      <returns>true if the CreateItem task should apply the additional metadata only if none already exists; otherwise, false.
                </returns>
    </member>
    <member name="P:Microsoft.Build.Tasks.CreateManifestResourceName.PrependCultureAsDirectory">
      <summary>
                    Gets or sets whether the culture name should be prepended to the manifest resource name as a directory.
                </summary>
      <returns>true if the culture name should be prepended, false if otherwise.
                </returns>
    </member>
    <member name="P:Microsoft.Build.Tasks.CreateManifestResourceName.ResourceFilesWithManifestResourceNames">
      <summary>
                    Gets or sets the initial list of resource names, along with additional metadata for manifest resource names.
                </summary>
      <returns>
                    An <see cref="T:Microsoft.Build.Framework.ITaskItem" /> object, representing the resource names and metadata.
                </returns>
    </member>
    <member name="P:Microsoft.Build.Tasks.Exec.CustomErrorRegularExpression">
      <summary>
                    Gets or sets a regular expression to spot error lines in the tool output.
                </summary>
      <returns>
                    A regular expression to spot error lines in the tool output.
                </returns>
    </member>
    <member name="P:Microsoft.Build.Tasks.Exec.CustomWarningRegularExpression">
      <summary>
                    Gets or sets a regular expression to spot warning lines in the tool output.
                </summary>
      <returns>
                    A regular expression to spot warning lines in the tool output.
                </returns>
    </member>
    <member name="P:Microsoft.Build.Tasks.Exec.IgnoreStandardErrorWarningFormat">
      <summary>
                    Gets or sets a Boolean value that indicates whether to ignore the standard error and warning format and log errors and warnings from the output as regular messages.
                </summary>
      <returns>true if the Exec task should ignore the standard error and warning format and should log errors and warnings as regular messages; false if the Exec task should log the errors and warnings that match the standard error and warning format.
                </returns>
    </member>
    <member name="M:Microsoft.Build.Tasks.Exec.LogEventsFromTextOutput(System.String,Microsoft.Build.Framework.MessageImportance)">
      <summary>
                    Logs the specified single line of text as an error or warning if the single line matched custom or standard error and warning formats or as a regular message if <see cref="P:Microsoft.Build.Tasks.Exec.IgnoreStandardErrorWarningFormat" /> is set to true and no custom format matched.
                </summary>
      <param name="singleLine">
                    Single line from the output to parse.
                </param>
      <param name="messageImportance">
                    The importance to log the message with.
                </param>
    </member>
    <member name="T:Microsoft.Build.Tasks.FindAppConfigFile">
      <summary>
                    Finds the app.config file, if any, in the provided lists.
                </summary>
    </member>
    <member name="M:Microsoft.Build.Tasks.FindAppConfigFile.#ctor">
      <summary>
                    Initializes a new instance of the <see cref="T:Microsoft.Build.Tasks.FindAppConfigFile" /> class.
                </summary>
    </member>
    <member name="P:Microsoft.Build.Tasks.FindAppConfigFile.AppConfigFile">
      <summary>
                    Gets or sets the first matching item found in the list, if any.
                </summary>
      <returns>
                    The first matching item found in the list, or null if no matching item is found.
                </returns>
    </member>
    <member name="M:Microsoft.Build.Tasks.FindAppConfigFile.Execute">
      <summary>
                    Finds the app config file.
                </summary>
      <returns>true in all cases.
                </returns>
    </member>
    <member name="P:Microsoft.Build.Tasks.FindAppConfigFile.PrimaryList">
      <summary>
                    Gets or sets the primary list to search through.
                </summary>
      <returns>
                    The primary list to search through.
                </returns>
    </member>
    <member name="P:Microsoft.Build.Tasks.FindAppConfigFile.SecondaryList">
      <summary>
                    Gets or sets the secondary list to search through.
                </summary>
      <returns>
                    The secondary list to search through.
                </returns>
    </member>
    <member name="P:Microsoft.Build.Tasks.FindAppConfigFile.TargetPath">
      <summary>
                    Gets or sets the value to add as <see cref="P:Microsoft.Build.Tasks.FindAppConfigFile.TargetPath" /> metadata.
                </summary>
      <returns>
                    The <see cref="P:Microsoft.Build.Tasks.FindAppConfigFile.TargetPath" /> metadata.
                </returns>
    </member>
    <member name="T:Microsoft.Build.Tasks.FindInList">
      <summary>
                    In a specified list, finds an item that has the matching itemspec.
                </summary>
    </member>
    <member name="M:Microsoft.Build.Tasks.FindInList.#ctor">
      <summary>
                    Initializes a new instance of the <see cref="T:Microsoft.Build.Tasks.FindInList" /> class.
                </summary>
    </member>
    <member name="P:Microsoft.Build.Tasks.FindInList.CaseSensitive">
      <summary>
                    Gets or sets a Boolean value that indicates whether to match case sensitively.
                </summary>
      <returns>trueFindInList task should match case sensitively; otherwise, false.
                </returns>
    </member>
    <member name="M:Microsoft.Build.Tasks.FindInList.Execute">
      <summary>
                    Executes the FindInList task.
                </summary>
      <returns>true if task execution succeeded; otherwise, false.
                </returns>
    </member>
    <member name="P:Microsoft.Build.Tasks.FindInList.FindLastMatch">
      <summary>
                    Gets or sets a Boolean value that indicates whether to return the last match (true) or to return the first match (false).
                </summary>
      <returns>true if the FindInList task should return the last match; false if the FindInList task should return the first match.
                </returns>
    </member>
    <member name="P:Microsoft.Build.Tasks.FindInList.ItemFound">
      <summary>
                    Gets or sets the first matching item found in the list, if any.
                </summary>
      <returns>
                    The first matching item found in the list.
                </returns>
    </member>
    <member name="P:Microsoft.Build.Tasks.FindInList.ItemSpecToFind">
      <summary>
                    Gets or sets the itemspec to search for.
                </summary>
      <returns>
                    The itemspec to search for.
                </returns>
    </member>
    <member name="P:Microsoft.Build.Tasks.FindInList.List">
      <summary>
                    Gets or sets the list in which to search for the itemspec.
                </summary>
      <returns>
                    The list in which to search for the itemspec.
                </returns>
    </member>
    <member name="P:Microsoft.Build.Tasks.FindInList.MatchFileNameOnly">
      <summary>
                    Gets or sets a Boolean value that indicates whether to match against just the file name part of the itemspec or to match against the whole itemspec.
                </summary>
      <returns>true if the FindInList task should match against just the file name part of the itemspec; false if the FindInList task should match against the whole itemspec.
                </returns>
    </member>
    <member name="P:Microsoft.Build.Tasks.GenerateApplicationManifest.ErrorReportUrl">
      <summary>
                    Gets or sets the URL of the Web page that is displayed in dialog boxes during ClickOnce installations.
                </summary>
      <returns>
                    A string value that represents the URL of a Web page.
                </returns>
    </member>
    <member name="P:Microsoft.Build.Tasks.GenerateApplicationManifest.FileAssociations">
      <summary>
                    Gets or sets a list of one or more file type that are associated with the ClickOnce deployment manifest. File associations only valid only when .NET Framework 3.5 or later is targeted.
                </summary>
      <returns>
                    A list of file types that are associated with the generated manifest.
                </returns>
    </member>
    <member name="P:Microsoft.Build.Tasks.GenerateApplicationManifest.HostInBrowser">
      <summary>
                    Gets or sets whether the application is hosted in a browser (as are WPF Web Browser Applications).
                </summary>
      <returns>
                    A Boolean value that indicates whether the application being deployed will be hosted in a browser (true), or not (false). true only applies to WPF Web Browser Applications.
                </returns>
    </member>
    <member name="P:Microsoft.Build.Tasks.GenerateApplicationManifest.Product">
      <summary>
                    Specifies the ProductName property in the project file.
                </summary>
      <returns>
                    A string value that corresponds to the ProductName property in the project file.
                </returns>
    </member>
    <member name="P:Microsoft.Build.Tasks.GenerateApplicationManifest.Publisher">
      <summary>
                    Specifies the PublisherName property in the project file.
                </summary>
      <returns>
                    A string value that corresponds to the PublisherName property in the project file.
                </returns>
    </member>
    <member name="P:Microsoft.Build.Tasks.GenerateApplicationManifest.RequiresMinimumFramework35SP1">
      <summary>
                    Gets or sets whether the application requires the .NET Framework 3.5 SP1.
                </summary>
      <returns>true if the application requires .NET Framework 3.5 SP1; false otherwise.
                </returns>
    </member>
    <member name="P:Microsoft.Build.Tasks.GenerateApplicationManifest.SuiteName">
      <summary>
                    Gets or sets the name of the folder on the Start menu where the application is located after ClickOnce deployment.
                </summary>
      <returns>
                    A string that represents the name of a Start menu folder.
                </returns>
    </member>
    <member name="P:Microsoft.Build.Tasks.GenerateApplicationManifest.SupportUrl">
      <summary>
                    Specifies the SupportUrl property in the project file.
                </summary>
      <returns>
                    A string value that corresponds to the SupportUrl property in the project file.
                </returns>
    </member>
    <member name="P:Microsoft.Build.Tasks.GenerateApplicationManifest.TargetFrameworkSubset">
      <summary>
                    Gets or sets the name of the .NET Framework subset to target.
                </summary>
      <returns>
                    The name of the .NET Framework subset.
                </returns>
    </member>
    <member name="P:Microsoft.Build.Tasks.GenerateApplicationManifest.UseApplicationTrust">
      <summary>
                    Specifies whether the <see cref="P:Microsoft.Build.Tasks.GenerateApplicationManifest.Product" />, <see cref="P:Microsoft.Build.Tasks.GenerateApplicationManifest.Publisher" />, and <see cref="P:Microsoft.Build.Tasks.GenerateApplicationManifest.SupportUrl" /> properties are written to the application manifest.
                </summary>
      <returns>
                    A Boolean value that indicates whether the <see cref="P:Microsoft.Build.Tasks.GenerateApplicationManifest.Product" />, <see cref="P:Microsoft.Build.Tasks.GenerateApplicationManifest.Publisher" />, and <see cref="P:Microsoft.Build.Tasks.GenerateApplicationManifest.SupportUrl" /> properties are written to the application manifest (true). If the value is false, these properties are ignored.
                </returns>
    </member>
    <member name="P:Microsoft.Build.Tasks.GenerateBootstrapper.ApplicationRequiresElevation">
      <summary>
                    Gets or sets whether a component runs with elevated permissions when it is installed on a target computer.
                </summary>
      <returns>
                    Returns True if the installed component runs with elevated permissions; otherwise False.
                </returns>
    </member>
    <member name="P:Microsoft.Build.Tasks.GenerateDeploymentManifest.CreateDesktopShortcut">
      <summary>
                    Gets or sets whether an icon is created on the desktop during ClickOnce application installation.
                </summary>
      <returns>true if an icon is created on the desktop during installation; false otherwise.
                </returns>
    </member>
    <member name="P:Microsoft.Build.Tasks.GenerateDeploymentManifest.ErrorReportUrl">
      <summary>
                    Gets or sets the URL of the Web page that is displayed in dialog boxes during ClickOnce installations.
                </summary>
      <returns>
                    A string that represents the URL of a Web page.
                </returns>
    </member>
    <member name="P:Microsoft.Build.Tasks.GenerateDeploymentManifest.SuiteName">
      <summary>
                    Gets or sets the name of the folder on the Start menu where the application is located after ClickOnce deployment.
                </summary>
      <returns>
                    A string that represents the name of a Start menu folder.
                </returns>
    </member>
    <member name="M:Microsoft.Build.Tasks.GenerateManifestBase.CompareFrameworkVersions(System.String,System.String)">
      <summary>
                    Compares two .NET Framework versions and determines which version comes before the other one.
                </summary>
      <returns>
                    An integer value that specifies the sort order position of a .NET Framework version instance relative to another version instance.
                </returns>
      <param name="versionA">
                    The first .NET Framework version to compare.
                </param>
      <param name="versionB">
                    The second .NET Framework version to compare.
                </param>
    </member>
    <member name="M:Microsoft.Build.Tasks.GenerateManifestBase.ConvertFrameworkVersionToString(System.String)">
      <summary>
                    Converts the given .NET Framework version to a string.
                </summary>
      <returns>
                    A string that represents the .NET Framework version.
                </returns>
      <param name="version">
                    The .NET Framework version number to convert to a string.
                </param>
    </member>
    <member name="P:Microsoft.Build.Tasks.GenerateManifestBase.TargetFrameworkVersion">
      <summary>
                    The target .NET Framework version for the project.
                </summary>
      <returns>
                    A string that represents the .NET Framework version.
                </returns>
    </member>
    <member name="P:Microsoft.Build.Tasks.GenerateResource.AdditionalInputs">
      <summary>
                    Gets or sets the additional inputs for the dependency checking that the GenerateResource task performs.
                </summary>
      <returns>
                    The additional inputs for the dependency checking that the GenerateResource task performs.
                </returns>
    </member>
    <member name="P:Microsoft.Build.Tasks.GenerateResource.StronglyTypedManifestPrefix">
      <summary>
                    Gets or sets the resource namespace or manifest prefix to use in the generated class source for the strongly typed resource.
                </summary>
      <returns>
                    The resource namespace or manifest prefix to use in the generated class source for the strongly typed resource.
                </returns>
    </member>
    <member name="P:Microsoft.Build.Tasks.GenerateTrustInfo.ApplicationDependencies">
      <summary>
                    Gets or sets the dependent assemblies.
                </summary>
      <returns>
                    The dependent assemblies.
                </returns>
    </member>
    <member name="P:Microsoft.Build.Tasks.GetFrameworkPath.FrameworkVersion11Path">
      <summary>
                    Gets or sets the path of the folder that contains the .NET Framework 1.1 assemblies.
                </summary>
      <returns>
                    The path of the folder that contains the .NET Framework 1.1 assemblies.
                </returns>
    </member>
    <member name="P:Microsoft.Build.Tasks.GetFrameworkPath.FrameworkVersion20Path">
      <summary>
                    Gets or sets the path of the folder that contains the .NET Framework 2.0 assemblies.
                </summary>
      <returns>
                    The path of the folder that contains the .NET Framework 2.0 assemblies.
                </returns>
    </member>
    <member name="P:Microsoft.Build.Tasks.GetFrameworkPath.FrameworkVersion30Path">
      <summary>
                    Gets or sets the path of the folder that contains the .NET Framework 3.0 assemblies.
                </summary>
      <returns>
                    The path of the folder that contains the .NET Framework 3.0 assemblies.
                </returns>
    </member>
    <member name="P:Microsoft.Build.Tasks.GetFrameworkPath.FrameworkVersion35Path">
      <summary>
                    Gets or sets the path of the folder that contains the .NET Framework 3.5 assemblies.
                </summary>
      <returns>
                    The path of the folder that contains the .NET Framework 3.5 assemblies.
                </returns>
    </member>
    <member name="P:Microsoft.Build.Tasks.GetFrameworkSdkPath.FrameworkSdkVersion20Path">
      <summary>
                    Gets or sets the path to the .NET Framework 2.0 SDK.
                </summary>
      <returns>
                    The path to the .NET Framework 2.0 SDK.
                </returns>
    </member>
    <member name="P:Microsoft.Build.Tasks.GetFrameworkSdkPath.FrameworkSdkVersion35Path">
      <summary>
                    Gets or sets the path to the .NET Framework 3.5 SDK.
                </summary>
      <returns>
                    The path to the .NET Framework 3.5 SDK.
                </returns>
    </member>
    <member name="T:Microsoft.Build.Tasks.IFixedTypeInfo">
      <summary>
                    Provides a substitute for <see cref="T:System.Runtime.InteropServices.ComTypes.ITypeInfo" /> by modifying the definitions of <see cref="M:Microsoft.Build.Tasks.IFixedTypeInfo.GetRefTypeOfImplType(System.Int32,System.IntPtr@)" /> and <see cref="M:Microsoft.Build.Tasks.IFixedTypeInfo.GetRefTypeInfo(System.IntPtr,Microsoft.Build.Tasks.IFixedTypeInfo@)" />.
                </summary>
    </member>
    <member name="M:Microsoft.Build.Tasks.IFixedTypeInfo.AddressOfMember(System.Int32,System.Runtime.InteropServices.ComTypes.INVOKEKIND,System.IntPtr@)">
      <summary>
                    For a description of this member, see <see cref="M:System.Runtime.InteropServices.ComTypes.ITypeInfo.AddressOfMember(System.Int32,System.Runtime.InteropServices.ComTypes.INVOKEKIND,System.IntPtr@)" />.
                </summary>
      <param name="memid"></param>
      <param name="invKind"></param>
      <param name="ppv"></param>
    </member>
    <member name="M:Microsoft.Build.Tasks.IFixedTypeInfo.CreateInstance(System.Object,System.Guid@,System.Object@)">
      <summary>
                    For a description of this member, see <see cref="M:System.Runtime.InteropServices.ComTypes.ITypeInfo.CreateInstance(System.Object,System.Guid@,System.Object@)" />.
                </summary>
      <param name="pUnkOuter"></param>
      <param name="riid"></param>
      <param name="ppvObj"></param>
    </member>
    <member name="M:Microsoft.Build.Tasks.IFixedTypeInfo.GetContainingTypeLib(System.Runtime.InteropServices.ComTypes.ITypeLib@,System.Int32@)">
      <summary>
                    For a description of this member, see <see cref="M:System.Runtime.InteropServices.ComTypes.ITypeInfo.GetContainingTypeLib(System.Runtime.InteropServices.ComTypes.ITypeLib@,System.Int32@)" />.
                </summary>
      <param name="ppTLB"></param>
      <param name="pIndex"></param>
    </member>
    <member name="M:Microsoft.Build.Tasks.IFixedTypeInfo.GetDllEntry(System.Int32,System.Runtime.InteropServices.ComTypes.INVOKEKIND,System.IntPtr,System.IntPtr,System.IntPtr)">
      <summary>
                    For a description of this member, see <see cref="M:System.Runtime.InteropServices.ComTypes.ITypeInfo.GetDllEntry(System.Int32,System.Runtime.InteropServices.ComTypes.INVOKEKIND,System.IntPtr,System.IntPtr,System.IntPtr)" />.
                </summary>
      <param name="memid"></param>
      <param name="invKind"></param>
      <param name="pBstrDllName"></param>
      <param name="pBstrName"></param>
      <param name="pwOrdinal"></param>
    </member>
    <member name="M:Microsoft.Build.Tasks.IFixedTypeInfo.GetDocumentation(System.Int32,System.String@,System.String@,System.Int32@,System.String@)">
      <summary>
                    For a description of this member, see <see cref="M:System.Runtime.InteropServices.ComTypes.ITypeInfo.GetDocumentation(System.Int32,System.String@,System.String@,System.Int32@,System.String@)" />.
                </summary>
      <param name="index"></param>
      <param name="strName"></param>
      <param name="strDocString"></param>
      <param name="dwHelpContext"></param>
      <param name="strHelpFile"></param>
    </member>
    <member name="M:Microsoft.Build.Tasks.IFixedTypeInfo.GetFuncDesc(System.Int32,System.IntPtr@)">
      <summary>
                    For a description of this member, see <see cref="M:System.Runtime.InteropServices.ComTypes.ITypeInfo.GetFuncDesc(System.Int32,System.IntPtr@)" />.
                </summary>
      <param name="index"></param>
      <param name="ppFuncDesc"></param>
    </member>
    <member name="M:Microsoft.Build.Tasks.IFixedTypeInfo.GetIDsOfNames(System.String[],System.Int32,System.Int32[])">
      <summary>
                    For a description of this member, see <see cref="M:System.Runtime.InteropServices.ComTypes.ITypeInfo.GetIDsOfNames(System.String[],System.Int32,System.Int32[])" />.
                </summary>
      <param name="rgszNames"></param>
      <param name="cNames"></param>
      <param name="pMemId"></param>
    </member>
    <member name="M:Microsoft.Build.Tasks.IFixedTypeInfo.GetImplTypeFlags(System.Int32,System.Runtime.InteropServices.ComTypes.IMPLTYPEFLAGS@)">
      <summary>
                    For a description of this member, see <see cref="M:System.Runtime.InteropServices.ComTypes.ITypeInfo.GetImplTypeFlags(System.Int32,System.Runtime.InteropServices.ComTypes.IMPLTYPEFLAGS@)" />.
                </summary>
      <param name="index"></param>
      <param name="pImplTypeFlags"></param>
    </member>
    <member name="M:Microsoft.Build.Tasks.IFixedTypeInfo.GetMops(System.Int32,System.String@)">
      <summary>
                    For a description of this member, see <see cref="M:System.Runtime.InteropServices.ComTypes.ITypeInfo.GetMops(System.Int32,System.String@)" />.
                </summary>
      <param name="memid"></param>
      <param name="pBstrMops"></param>
    </member>
    <member name="M:Microsoft.Build.Tasks.IFixedTypeInfo.GetNames(System.Int32,System.String[],System.Int32,System.Int32@)">
      <summary>
                    For a description of this member, see <see cref="M:System.Runtime.InteropServices.ComTypes.ITypeInfo.GetNames(System.Int32,System.String[],System.Int32,System.Int32@)" />.
                </summary>
      <param name="memid"></param>
      <param name="rgBstrNames"></param>
      <param name="cMaxNames"></param>
      <param name="pcNames"></param>
    </member>
    <member name="M:Microsoft.Build.Tasks.IFixedTypeInfo.GetRefTypeInfo(System.IntPtr,Microsoft.Build.Tasks.IFixedTypeInfo@)">
      <summary>
                    Retrieves the referenced type descriptions if a type description references other type descriptions.
                </summary>
      <param name="hRef">
                    A handle to the referenced type description to return.
                </param>
      <param name="ppTI">
                    When this method returns, contains the referenced type description. This parameter is passed uninitialized.
                </param>
    </member>
    <member name="M:Microsoft.Build.Tasks.IFixedTypeInfo.GetRefTypeOfImplType(System.Int32,System.IntPtr@)">
      <summary>
                    Retrieves the type description of the implemented interface types if a type description describes a COM class.
                </summary>
      <param name="index">
                    The index of the implemented type whose handle is returned.
                </param>
      <param name="href">
                    When this method returns, contains a reference to a handle for the implemented interface. This parameter is passed uninitialized.
                </param>
    </member>
    <member name="M:Microsoft.Build.Tasks.IFixedTypeInfo.GetTypeAttr(System.IntPtr@)">
      <summary>
                    For a description of this member, see <see cref="M:System.Runtime.InteropServices.ComTypes.ITypeInfo.GetTypeAttr(System.IntPtr@)" />.
                </summary>
      <param name="ppTypeAttr"></param>
    </member>
    <member name="M:Microsoft.Build.Tasks.IFixedTypeInfo.GetTypeComp(System.Runtime.InteropServices.ComTypes.ITypeComp@)">
      <summary>
                    For a description of this member, see <see cref="M:System.Runtime.InteropServices.ComTypes.ITypeInfo.GetTypeComp(System.Runtime.InteropServices.ComTypes.ITypeComp@)" />.
                </summary>
      <param name="ppTComp"></param>
    </member>
    <member name="M:Microsoft.Build.Tasks.IFixedTypeInfo.GetVarDesc(System.Int32,System.IntPtr@)">
      <summary>
                    For a description of this member, see <see cref="M:System.Runtime.InteropServices.ComTypes.ITypeInfo.GetVarDesc(System.Int32,System.IntPtr@)" />.
                </summary>
      <param name="index"></param>
      <param name="ppVarDesc"></param>
    </member>
    <member name="M:Microsoft.Build.Tasks.IFixedTypeInfo.Invoke(System.Object,System.Int32,System.Int16,System.Runtime.InteropServices.ComTypes.DISPPARAMS@,System.IntPtr,System.IntPtr,System.Int32@)">
      <summary>
                    For a description of this member, see <see cref="M:System.Runtime.InteropServices.ComTypes.ITypeInfo.Invoke(System.Object,System.Int32,System.Int16,System.Runtime.InteropServices.ComTypes.DISPPARAMS@,System.IntPtr,System.IntPtr,System.Int32@)" />.
                </summary>
      <param name="pvInstance"></param>
      <param name="memid"></param>
      <param name="wFlags"></param>
      <param name="pDispParams"></param>
      <param name="pVarResult"></param>
      <param name="pExcepInfo"></param>
      <param name="puArgErr"></param>
    </member>
    <member name="M:Microsoft.Build.Tasks.IFixedTypeInfo.ReleaseFuncDesc(System.IntPtr)">
      <summary>
                    For a description of this member, see <see cref="M:System.Runtime.InteropServices.ComTypes.ITypeInfo.ReleaseFuncDesc(System.IntPtr)" />.
                </summary>
      <param name="pFuncDesc"></param>
    </member>
    <member name="M:Microsoft.Build.Tasks.IFixedTypeInfo.ReleaseTypeAttr(System.IntPtr)">
      <summary>
                    For a description of this member, see <see cref="M:System.Runtime.InteropServices.ComTypes.ITypeInfo.ReleaseTypeAttr(System.IntPtr)" />.
                </summary>
      <param name="pTypeAttr"></param>
    </member>
    <member name="M:Microsoft.Build.Tasks.IFixedTypeInfo.ReleaseVarDesc(System.IntPtr)">
      <summary>
                    For a description of this member, see <see cref="M:System.Runtime.InteropServices.ComTypes.ITypeInfo.ReleaseVarDesc(System.IntPtr)" />.
                </summary>
      <param name="pVarDesc"></param>
    </member>
    <member name="P:Microsoft.Build.Tasks.ManagedCompiler.NoWin32Manifest">
      <summary>
                    Gets or sets a Boolean value that specifies whether an external UAC manifest is generated for the application.
                </summary>
      <returns>true if an external UAC manifest is generated for the application; otherwise, false.
                </returns>
    </member>
    <member name="M:Microsoft.Build.Tasks.ManagedCompiler.UseAlternateCommandLineToolToExecute">
      <summary>
                    If an alternate tool name or tool path was specified in the project file, then that tool is used rather than the host compiler for integrated development environment (IDE) builds.
                </summary>
      <returns>false if the host compiler should be used; otherwise, true.
                </returns>
    </member>
    <member name="P:Microsoft.Build.Tasks.ManagedCompiler.Win32Manifest">
      <summary>
                    Gets or sets the Win32 manifest.
                </summary>
      <returns>
                    The Win32 manifest.
                </returns>
    </member>
    <member name="P:Microsoft.Build.Tasks.MSBuild.BuildInParallel">
      <summary>
                    Gets or sets a Boolean value that specifies whether the projects specified in the <see cref="P:Microsoft.Build.Tasks.MSBuild.Projects" /> property are built in parallel, if possible. 
                </summary>
      <returns>true if the projects specified in the <see cref="P:Microsoft.Build.Tasks.MSBuild.Projects" /> property are built in parallel if possible; otherwise, false.
                </returns>
    </member>
    <member name="P:Microsoft.Build.Tasks.MSBuild.SkipNonexistentProjects">
      <summary>
                    Gets or sets a Boolean value that specifies whether project files that do not exist on the disk will be skipped.
                </summary>
      <returns>true if project files that do not exist on the disk will be skipped; otherwise, false.
                </returns>
    </member>
    <member name="P:Microsoft.Build.Tasks.MSBuild.TargetAndPropertyListSeparators">
      <summary>
                    Gets or sets the escape characters to be unescaped from the specified <see cref="P:Microsoft.Build.Tasks.MSBuild.Properties" /> and <see cref="P:Microsoft.Build.Tasks.MSBuild.Targets" />.
                </summary>
      <returns>
                    The escape characters to be unescaped from the specified <see cref="P:Microsoft.Build.Tasks.MSBuild.Properties" /> and <see cref="P:Microsoft.Build.Tasks.MSBuild.Targets" />.
                </returns>
    </member>
    <member name="P:Microsoft.Build.Tasks.MSBuild.ToolsVersion">
      <summary>
                    Gets or sets a target .NET Framework version to build the project with, which enables an MSBuild task to build a project that targets a different version of the .NET Framework than the one specified in the project. Valid values are <paramref name="2.0" />, <paramref name="3.0" /> and <paramref name="3.5" />. 
                </summary>
      <returns>
                    The target .NET Framework version to build the project with.
                </returns>
    </member>
    <member name="P:Microsoft.Build.Tasks.MSBuild.UnloadProjectsOnCompletion">
      <summary>
                    Gets or sets a Boolean value that specifies whether the project will be unloaded once the operation is completed.
                </summary>
      <returns>true if the project will be unloaded once the operation is completed; otherwise, false.
                </returns>
    </member>
    <member name="P:Microsoft.Build.Tasks.MSBuild.UseResultsCache">
      <summary>
                    Gets or sets a Boolean value that indicates whether the MSBuild engine will return the built targets from the cache.
                </summary>
      <returns>true if the MSBuild engine will return the built targets from the cache; otherwise, false.
                </returns>
    </member>
    <member name="T:Microsoft.Build.Tasks.RequiresFramework35SP1Assembly">
      <summary>
                    Determines whether the application requires the .NET Framework 3.5 SP1.
                </summary>
    </member>
    <member name="M:Microsoft.Build.Tasks.RequiresFramework35SP1Assembly.#ctor">
      <summary>
                    Initializes a new instance of the <see cref="T:Microsoft.Build.Tasks.RequiresFramework35SP1Assembly" /> class.
                </summary>
    </member>
    <member name="P:Microsoft.Build.Tasks.RequiresFramework35SP1Assembly.Assemblies">
      <summary>
                    Gets or sets the assemblies referenced in this application.
                </summary>
      <returns>
                    The assemblies referenced in the application.
                </returns>
    </member>
    <member name="P:Microsoft.Build.Tasks.RequiresFramework35SP1Assembly.CreateDesktopShortcut">
      <summary>
                    Gets or sets whether to create an icon on the desktop during installation.
                </summary>
      <returns>true if a shortcut icon is added to the desktop; false otherwise.
                </returns>
    </member>
    <member name="P:Microsoft.Build.Tasks.RequiresFramework35SP1Assembly.DeploymentManifestEntryPoint">
      <summary>
                    Gets or sets the manifest file name for the application.
                </summary>
      <returns>
                    The assembly that should be executed.
                </returns>
    </member>
    <member name="P:Microsoft.Build.Tasks.RequiresFramework35SP1Assembly.EntryPoint">
      <summary>
                    Gets or sets the assembly that should be executed when the application is run.
                </summary>
      <returns>
                    The assembly that should be executed.
                </returns>
    </member>
    <member name="P:Microsoft.Build.Tasks.RequiresFramework35SP1Assembly.ErrorReportUrl">
      <summary>
                    Gets or sets the Web site that is displayed in dialog boxes that are encountered during ClickOnce installations.
                </summary>
      <returns>
                    The URL of the web site to display.
                </returns>
    </member>
    <member name="M:Microsoft.Build.Tasks.RequiresFramework35SP1Assembly.Execute">
      <summary>
                    Executes the task that determines whether the applications requires .NET Framework 3.5 SP1.
                </summary>
      <returns>true if the application requires .NET Framework 3.5 SP1; false otherwise.
                </returns>
    </member>
    <member name="P:Microsoft.Build.Tasks.RequiresFramework35SP1Assembly.Files">
      <summary>
                    Gets or sets the list of all of the files that will be deployed when you publish your application.
                </summary>
      <returns>
                    The files that will be deployed.
                </returns>
    </member>
    <member name="P:Microsoft.Build.Tasks.RequiresFramework35SP1Assembly.ReferencedAssemblies">
      <summary>
                    Gets or sets the assemblies referenced in your project.
                </summary>
      <returns>
                    The assemblies in your project.
                </returns>
    </member>
    <member name="P:Microsoft.Build.Tasks.RequiresFramework35SP1Assembly.RequiresMinimumFramework35SP1">
      <summary>
                    Gets or sets whether the application requires .NET Framework 3.5 SP1.
                </summary>
      <returns>true if the application requires .NET Framework 3.5 SP1; false otherwise.
                </returns>
    </member>
    <member name="P:Microsoft.Build.Tasks.RequiresFramework35SP1Assembly.SigningManifests">
      <summary>
                    Gets or sets whether the ClickOnce manifests are signed.
                </summary>
      <returns>true if the ClickOnce manifests are signed; false otherwise.
                </returns>
    </member>
    <member name="P:Microsoft.Build.Tasks.RequiresFramework35SP1Assembly.SuiteName">
      <summary>
                    Gets or sets the name of the folder on the Start menu in which the application will be installed.
                </summary>
      <returns>
                    The name of the installation folder.
                </returns>
    </member>
    <member name="P:Microsoft.Build.Tasks.RequiresFramework35SP1Assembly.TargetFrameworkVersion">
      <summary>
                    Gets or sets the version of the .NET Framework that this application targets.
                </summary>
      <returns>
                    The name of .NET Framework version.
                </returns>
    </member>
    <member name="P:Microsoft.Build.Tasks.ResolveAssemblyReference.AllowedRelatedFileExtensions">
      <summary>
                    Gets or sets the extensions that will be considered when searching for related files.
                </summary>
      <returns>
                    The extensions that will be considered when searching for related files.
                </returns>
    </member>
    <member name="P:Microsoft.Build.Tasks.ResolveAssemblyReference.FullTargetFrameworkSubsetNames">
      <summary>
                    A string that contains the names of the subsets of the specified target framework.
                </summary>
      <returns>
                    A string value that contains subset names.
                </returns>
    </member>
    <member name="P:Microsoft.Build.Tasks.ResolveAssemblyReference.IgnoreDefaultInstalledAssemblySubsetTables">
      <summary>
                    Gets or sets a Boolean value that specifies whether the task should look for and use additional installed assembly subset tables (also known as Subset Lists), which are found in the SubsetList directory under the provided TargetFrameworkDirectories.
                </summary>
      <returns>true if additional assembly subset tables are used; otherwise, false.
                </returns>
    </member>
    <member name="P:Microsoft.Build.Tasks.ResolveAssemblyReference.IgnoreDefaultInstalledAssemblyTables">
      <summary>
                    Gets or sets a Boolean value that specifies whether the ResolveAssemblyReference task should ignore additional installed assembly tables found in the RedistList directory underneath the provided <see cref="P:Microsoft.Build.Tasks.ResolveAssemblyReference.TargetFrameworkDirectories" /> (true) or should search for and use these installed assembly tables (false).
                </summary>
      <returns>true if the task should ignore the additional installed assembly tables; false if the task should search for and use the additional installed assembly tables.
                </returns>
    </member>
    <member name="P:Microsoft.Build.Tasks.ResolveAssemblyReference.InstalledAssemblySubsetTables">
      <summary>
                    An <see cref="T:Microsoft.Build.Framework.ITaskItem" /> that represents a list of XML files that contain assemblies that are expected to be in the target subset.
                </summary>
      <returns>
                    An <see cref="T:Microsoft.Build.Framework.ITaskItem" /> list of XML files.
                </returns>
    </member>
    <member name="P:Microsoft.Build.Tasks.ResolveAssemblyReference.TargetFrameworkSubsets">
      <summary>
                    A list of target framework subset names that will be searched for in the target framework directories.
                </summary>
    </member>
    <member name="P:Microsoft.Build.Tasks.ResolveAssemblyReference.TargetFrameworkVersion">
      <summary>
                    Gets or sets the project target framework version used for reference filtering.
                </summary>
      <returns>
                    The project target framework version used for reference filtering.
                </returns>
    </member>
    <member name="P:Microsoft.Build.Tasks.ResolveManifestFiles.DeploymentManifestEntryPoint"></member>
    <member name="P:Microsoft.Build.Tasks.ResolveManifestFiles.OutputDeploymentManifestEntryPoint"></member>
    <member name="P:Microsoft.Build.Tasks.ResolveManifestFiles.OutputEntryPoint"></member>
    <member name="P:Microsoft.Build.Tasks.ResolveManifestFiles.SigningManifests"></member>
    <member name="P:Microsoft.Build.Tasks.ResolveManifestFiles.TargetFrameworkVersion"></member>
    <member name="P:Microsoft.Build.Tasks.ToolTaskExtension.HasLoggedErrors">
      <summary>
                    Returns whether this ToolTask has logged any errors.
                </summary>
      <returns>true if the ToolTask logged errors, false if otherwise.
                </returns>
    </member>
    <member name="P:Microsoft.Build.Tasks.Vbc.ModuleAssemblyName">
      <summary>
                    Gets or sets the name of the assembly that this module will be a part of.
                </summary>
      <returns>
                    The name of the assembly that this module will be a part of.
                </returns>
    </member>
    <member name="P:Microsoft.Build.Tasks.Vbc.NoVBRuntimeReference">
      <summary>
                    Gets or sets a Boolean value that specifies whether the compiler should compile without a reference to the Visual Basic Runtime Library.
                </summary>
      <returns>true if the compiler should compile without a reference to the Visual Basic Runtime Library; otherwise, false.
                </returns>
    </member>
    <member name="P:Microsoft.Build.Tasks.Vbc.OptionInfer">
      <summary>
                    Gets or sets a Boolean value that specifies whether to use local type inference in variable declarations.
                </summary>
      <returns>true if the Vbc task will use local type inference in variable declarations; otherwise, false.
                </returns>
    </member>
    <member name="P:Microsoft.Build.Tasks.Deployment.Bootstrapper.BuildSettings.ApplicationRequiresElevation">
      <summary>
                    Gets or sets a value indicating whether a component runs with elevated permissions when it is installed on a target computer.
                </summary>
      <returns>true if the installed component runs with elevated permissions; otherwise false.
                </returns>
    </member>
    <member name="P:Microsoft.Build.Tasks.Deployment.Bootstrapper.IBuildSettings.ApplicationRequiresElevation">
      <summary>
                    Gets or sets a value indicating whether a component runs with elevated permissions when it is installed on a target computer.
                </summary>
      <returns>true if the installed component runs with elevated permissions; otherwise false.
                </returns>
    </member>
    <member name="P:Microsoft.Build.Tasks.Deployment.ManifestUtilities.ApplicationManifest.ErrorReportUrl">
      <summary>
                    Gets or sets the URL of the error report.
                </summary>
      <returns>
                    A string that contains the URL of the error report.
                </returns>
    </member>
    <member name="P:Microsoft.Build.Tasks.Deployment.ManifestUtilities.ApplicationManifest.FileAssociations">
      <summary>
                    Gets or sets the file associations that are defined in the manifest.
                </summary>
      <returns>
                    A string that contains the file associations.
                </returns>
    </member>
    <member name="P:Microsoft.Build.Tasks.Deployment.ManifestUtilities.ApplicationManifest.HostInBrowser">
      <summary>
                    Gets or sets a value that specifies whether the application is hosted in a browser (as WPF Web Browser Applications are).
                </summary>
      <returns>
                    A Boolean value that indicates whether the application being deployed will be hosted in a browser (True), or not (False). True applies only to WPF Web Browser Applications.
                </returns>
    </member>
    <member name="P:Microsoft.Build.Tasks.Deployment.ManifestUtilities.ApplicationManifest.Product">
      <summary>
                    Gets or sets a value that specifies the ProductName property in the project file.
                </summary>
      <returns>
                    A string value that corresponds to the ProductName property in the project file.
                </returns>
    </member>
    <member name="P:Microsoft.Build.Tasks.Deployment.ManifestUtilities.ApplicationManifest.Publisher">
      <summary>
                    Gets or sets a value that specifies the PublisherName property in the project file.
                </summary>
      <returns>
                    A string value that corresponds to the PublisherName property in the project file.
                </returns>
    </member>
    <member name="P:Microsoft.Build.Tasks.Deployment.ManifestUtilities.ApplicationManifest.SuiteName">
      <summary>
                    Gets or sets the suite name that is defined in the manifest.
                </summary>
      <returns>
                    A string that contains the suite name.
                </returns>
    </member>
    <member name="P:Microsoft.Build.Tasks.Deployment.ManifestUtilities.ApplicationManifest.SupportUrl">
      <summary>
                    Gets or sets a value that specifies the SupportUrl property in the project file.
                </summary>
      <returns>
                    A string value that corresponds to the SupportUrl property in the project file.
                </returns>
    </member>
    <member name="P:Microsoft.Build.Tasks.Deployment.ManifestUtilities.ApplicationManifest.UseApplicationTrust">
      <summary>
                    Gets or sets a value that specifies whether the <see cref="P:Microsoft.Build.Tasks.Deployment.ManifestUtilities.ApplicationManifest.Product" />, <see cref="P:Microsoft.Build.Tasks.Deployment.ManifestUtilities.ApplicationManifest.Publisher" />, and <see cref="P:Microsoft.Build.Tasks.Deployment.ManifestUtilities.ApplicationManifest.SupportUrl" /> properties are written to the application manifest.
                </summary>
      <returns>
                    A Boolean value that indicates whether the <see cref="P:Microsoft.Build.Tasks.Deployment.ManifestUtilities.ApplicationManifest.Publisher" />, <see cref="P:Microsoft.Build.Tasks.Deployment.ManifestUtilities.ApplicationManifest.Product" />, and <see cref="P:Microsoft.Build.Tasks.Deployment.ManifestUtilities.ApplicationManifest.SupportUrl" /> properties are written to the application manifest. If the value is True, they are written to the application manifest. If the value is False, these properties are ignored.
                </returns>
    </member>
    <member name="P:Microsoft.Build.Tasks.Deployment.ManifestUtilities.ApplicationManifest.XmlErrorReportUrl">
      <summary>
                    Gets or sets a property that is used to serialize the <see cref="P:Microsoft.Build.Tasks.Deployment.ManifestUtilities.ApplicationManifest.ErrorReportUrl" /> property to an XML file.
                </summary>
      <returns>
                    The value of the <see cref="P:Microsoft.Build.Tasks.Deployment.ManifestUtilities.ApplicationManifest.ErrorReportUrl" /> property.
                </returns>
    </member>
    <member name="P:Microsoft.Build.Tasks.Deployment.ManifestUtilities.ApplicationManifest.XmlFileAssociations">
      <summary>
                    Gets or sets a property that is used to serialize the <see cref="P:Microsoft.Build.Tasks.Deployment.ManifestUtilities.ApplicationManifest.FileAssociations" /> property to an XML file.
                </summary>
      <returns>
                    The value of the <see cref="P:Microsoft.Build.Tasks.Deployment.ManifestUtilities.ApplicationManifest.FileAssociations" /> property.
                </returns>
    </member>
    <member name="P:Microsoft.Build.Tasks.Deployment.ManifestUtilities.ApplicationManifest.XmlHostInBrowser">
      <summary>
                    Gets or sets a property that is used to serialize the <see cref="P:Microsoft.Build.Tasks.Deployment.ManifestUtilities.ApplicationManifest.HostInBrowser" /> property to an XML file.
                </summary>
      <returns>true or false. The value of the <see cref="P:Microsoft.Build.Tasks.Deployment.ManifestUtilities.ApplicationManifest.HostInBrowser" /> property.
                </returns>
    </member>
    <member name="P:Microsoft.Build.Tasks.Deployment.ManifestUtilities.ApplicationManifest.XmlProduct">
      <summary>
                    Gets or sets a property that is used to serialize the <see cref="P:Microsoft.Build.Tasks.Deployment.ManifestUtilities.ApplicationManifest.Product" /> property to an XML file.
                </summary>
      <returns>
                    The value of the <see cref="P:Microsoft.Build.Tasks.Deployment.ManifestUtilities.ApplicationManifest.Product" /> property.
                </returns>
    </member>
    <member name="P:Microsoft.Build.Tasks.Deployment.ManifestUtilities.ApplicationManifest.XmlPublisher">
      <summary>
                    Gets or sets a property that is used to serialize the <see cref="P:Microsoft.Build.Tasks.Deployment.ManifestUtilities.ApplicationManifest.Publisher" /> property to an XML file.
                </summary>
      <returns>
                    The value of the <see cref="P:Microsoft.Build.Tasks.Deployment.ManifestUtilities.ApplicationManifest.Publisher" /> property.
                </returns>
    </member>
    <member name="P:Microsoft.Build.Tasks.Deployment.ManifestUtilities.ApplicationManifest.XmlSuiteName">
      <summary>
                    Gets or sets a property that is used to serialize the <see cref="P:Microsoft.Build.Tasks.Deployment.ManifestUtilities.ApplicationManifest.SuiteName" /> property to an XML file.
                </summary>
      <returns>
                    The value of the <see cref="P:Microsoft.Build.Tasks.Deployment.ManifestUtilities.ApplicationManifest.SuiteName" /> property.
                </returns>
    </member>
    <member name="P:Microsoft.Build.Tasks.Deployment.ManifestUtilities.ApplicationManifest.XmlSupportUrl">
      <summary>
                    Gets or sets a property that is used to serialize the <see cref="P:Microsoft.Build.Tasks.Deployment.ManifestUtilities.ApplicationManifest.SupportUrl" /> property to an XML file.
                </summary>
      <returns>
                    The value of the <see cref="P:Microsoft.Build.Tasks.Deployment.ManifestUtilities.ApplicationManifest.SupportUrl" /> property.
                </returns>
    </member>
    <member name="P:Microsoft.Build.Tasks.Deployment.ManifestUtilities.ApplicationManifest.XmlUseApplicationTrust">
      <summary>
                    Gets or sets a property that is used to serialize the <see cref="P:Microsoft.Build.Tasks.Deployment.ManifestUtilities.ApplicationManifest.UseApplicationTrust" /> property to an XML file.
                </summary>
      <returns>
                    The value of the <see cref="P:Microsoft.Build.Tasks.Deployment.ManifestUtilities.ApplicationManifest.UseApplicationTrust" /> property.
                </returns>
    </member>
    <member name="P:Microsoft.Build.Tasks.Deployment.ManifestUtilities.DeployManifest.CreateDesktopShortcut">
      <summary>
                    Gets or sets a value that indicates whether to create a desktop shortcut.
                </summary>
      <returns>
                    "true" or "false". A string that contains a value that indicates whether to create a desktop shortcut.
                </returns>
    </member>
    <member name="P:Microsoft.Build.Tasks.Deployment.ManifestUtilities.DeployManifest.ErrorReportUrl">
      <summary>
                    Gets or sets the URL of the error report.
                </summary>
      <returns>
                    A string that contains the URL of the error report.
                </returns>
    </member>
    <member name="P:Microsoft.Build.Tasks.Deployment.ManifestUtilities.DeployManifest.SuiteName">
      <summary>
                    Gets or sets the suite name that is defined in the manifest.
                </summary>
      <returns>
                    A string that contains the suite name.
                </returns>
    </member>
    <member name="P:Microsoft.Build.Tasks.Deployment.ManifestUtilities.DeployManifest.XmlCreateDesktopShortcut">
      <summary>
                    Gets or sets a property that is used to serialize the <see cref="P:Microsoft.Build.Tasks.Deployment.ManifestUtilities.DeployManifest.CreateDesktopShortcut" /> property to an XML file.
                </summary>
      <returns>
                    The value of the <see cref="P:Microsoft.Build.Tasks.Deployment.ManifestUtilities.DeployManifest.CreateDesktopShortcut" /> property.
                </returns>
    </member>
    <member name="P:Microsoft.Build.Tasks.Deployment.ManifestUtilities.DeployManifest.XmlErrorReportUrl">
      <summary>
                    Gets or sets a property that is used to serialize the <see cref="P:Microsoft.Build.Tasks.Deployment.ManifestUtilities.DeployManifest.ErrorReportUrl" /> property to an XML file.
                </summary>
      <returns>
                    The value of the <see cref="P:Microsoft.Build.Tasks.Deployment.ManifestUtilities.DeployManifest.ErrorReportUrl" /> property.
                </returns>
    </member>
    <member name="P:Microsoft.Build.Tasks.Deployment.ManifestUtilities.DeployManifest.XmlSuiteName">
      <summary>
                    Gets or sets a property that is used to serialize the <see cref="P:Microsoft.Build.Tasks.Deployment.ManifestUtilities.DeployManifest.SuiteName" /> property to an XML file.
                </summary>
      <returns>
                    The value of the <see cref="P:Microsoft.Build.Tasks.Deployment.ManifestUtilities.DeployManifest.SuiteName" /> property.
                </returns>
    </member>
    <member name="T:Microsoft.Build.Tasks.Deployment.ManifestUtilities.FileAssociation">
      <summary>
                    Represents a file name extension to be associated with the application.
                </summary>
    </member>
    <member name="M:Microsoft.Build.Tasks.Deployment.ManifestUtilities.FileAssociation.#ctor">
      <summary>
                    Initializes a new instance of the <see cref="T:Microsoft.Build.Tasks.Deployment.ManifestUtilities.FileAssociation" /> class.
                </summary>
    </member>
    <member name="P:Microsoft.Build.Tasks.Deployment.ManifestUtilities.FileAssociation.DefaultIcon">
      <summary>
                    Gets or sets the icon to use for files that use a particular <see cref="P:Microsoft.Build.Tasks.Deployment.ManifestUtilities.FileAssociation.Extension" />.
                </summary>
      <returns>
                    The name of the file that contains the icon.
                </returns>
    </member>
    <member name="P:Microsoft.Build.Tasks.Deployment.ManifestUtilities.FileAssociation.Description">
      <summary>
                    Gets or sets the description of the file type for use by the shell.
                </summary>
      <returns>
                    A description of the file type.
                </returns>
    </member>
    <member name="P:Microsoft.Build.Tasks.Deployment.ManifestUtilities.FileAssociation.Extension">
      <summary>
                    Gets or sets the file name extension to be associated with the application.
                </summary>
      <returns>
                    The file name extension to be associated with the application.
                </returns>
    </member>
    <member name="P:Microsoft.Build.Tasks.Deployment.ManifestUtilities.FileAssociation.ProgId">
      <summary>
                    Gets or sets the name that uniquely identifies the file association's file type.
                </summary>
      <returns>
                    The name that uniquely identifies the file type.
                </returns>
    </member>
    <member name="P:Microsoft.Build.Tasks.Deployment.ManifestUtilities.FileAssociation.XmlDefaultIcon">
      <summary>
                    Gets or sets a property that is used to serialize the file association's <see cref="P:Microsoft.Build.Tasks.Deployment.ManifestUtilities.FileAssociation.DefaultIcon" /> property to an XML file.
                </summary>
      <returns>
                    An XML representation of this file association's DefaultIcon.
                </returns>
    </member>
    <member name="P:Microsoft.Build.Tasks.Deployment.ManifestUtilities.FileAssociation.XmlDescription">
      <summary>
                    Gets or sets a property that is used to serialize the file association's <see cref="P:Microsoft.Build.Tasks.Deployment.ManifestUtilities.FileAssociation.Description" /> property to an XML file.
                </summary>
      <returns>
                    An XML representation of this file association's <see cref="P:Microsoft.Build.Tasks.Deployment.ManifestUtilities.FileAssociation.Description" /> value.
                </returns>
    </member>
    <member name="P:Microsoft.Build.Tasks.Deployment.ManifestUtilities.FileAssociation.XmlExtension">
      <summary>
                    Gets or sets a property that is used to serialize the file association's <see cref="P:Microsoft.Build.Tasks.Deployment.ManifestUtilities.FileAssociation.Extension" /> property to an XML file.
                </summary>
      <returns>
                    An XML representation of this file association's <see cref="P:Microsoft.Build.Tasks.Deployment.ManifestUtilities.FileAssociation.Extension" /> value.
                </returns>
    </member>
    <member name="P:Microsoft.Build.Tasks.Deployment.ManifestUtilities.FileAssociation.XmlProgId">
      <summary>
                    Gets or sets a property that is used to serialize the <see cref="P:Microsoft.Build.Tasks.Deployment.ManifestUtilities.FileAssociation.ProgId" /> property to an XML file.
                </summary>
      <returns>
                    An XML representation of this file association's <see cref="P:Microsoft.Build.Tasks.Deployment.ManifestUtilities.FileAssociation.ProgId" /> value.
                </returns>
    </member>
    <member name="T:Microsoft.Build.Tasks.Deployment.ManifestUtilities.FileAssociationCollection">
      <summary>
                    Represents a collection of file associations.
                </summary>
    </member>
    <member name="M:Microsoft.Build.Tasks.Deployment.ManifestUtilities.FileAssociationCollection.Add(Microsoft.Build.Tasks.Deployment.ManifestUtilities.FileAssociation)">
      <summary>
                    Adds the specified file association to the collection.
                </summary>
      <param name="fileAssociation">
                    The file association to add.
                </param>
    </member>
    <member name="M:Microsoft.Build.Tasks.Deployment.ManifestUtilities.FileAssociationCollection.Clear">
      <summary>
                    Removes all file associations from the collection.
                </summary>
    </member>
    <member name="P:Microsoft.Build.Tasks.Deployment.ManifestUtilities.FileAssociationCollection.Count">
      <summary>
                    Gets the number of file associations in the collection.
                </summary>
      <returns>
                    The number of file associations in the collection.
                </returns>
    </member>
    <member name="M:Microsoft.Build.Tasks.Deployment.ManifestUtilities.FileAssociationCollection.GetEnumerator">
      <summary>
                    Returns an enumerator that can iterate through the collection.
                </summary>
      <returns>
                    An interface that represents an enumerator that can iterate through the collection.
                </returns>
    </member>
    <member name="P:Microsoft.Build.Tasks.Deployment.ManifestUtilities.FileAssociationCollection.Item(System.Int32)">
      <summary>
                    Gets the file association that appears at the specified index.
                </summary>
      <returns>
                    The file association at the specified index.
                </returns>
      <param name="index">
                    The zero-based index of the file association to get.
                </param>
    </member>
    <member name="T:Microsoft.Build.Tasks.Hosting.ICscHostObject2">
      <summary>
                    Defines an interface that allows the Csc task to communicate with the host integrated development environment (IDE).
                </summary>
    </member>
    <member name="M:Microsoft.Build.Tasks.Hosting.ICscHostObject2.SetWin32Manifest(System.String)">
      <summary>
                    Specifies a manifest file to insert into the assembly.
                </summary>
      <returns>true if the method was successful; otherwise, false.
                </returns>
      <param name="win32Manifest">
                    The name of the manifest to insert into the assembly.
                </param>
    </member>
    <member name="T:Microsoft.Build.Tasks.Hosting.IVbcHostObject2">
      <summary>
                    Defines an interface that allows the Vbc task to communicate with the host integrated development environment (IDE).
                </summary>
    </member>
    <member name="M:Microsoft.Build.Tasks.Hosting.IVbcHostObject2.SetModuleAssemblyName(System.String)">
      <summary>
                    Specifies the name of the module file.
                </summary>
      <returns>true if the method was successful; otherwise, false.
                </returns>
      <param name="moduleAssemblyName">
                    A string representing the name of the module file.
                </param>
    </member>
    <member name="M:Microsoft.Build.Tasks.Hosting.IVbcHostObject2.SetOptionInfer(System.Boolean)">
      <summary>
                    Specifies a value indicating whether variable types must be explicitly declared.
                </summary>
      <returns>true if the method was successful; otherwise, false.
                </returns>
      <param name="optionInfer">true to require the explicit declaration of variable types; otherwise, false.
                </param>
    </member>
    <member name="M:Microsoft.Build.Tasks.Hosting.IVbcHostObject2.SetWin32Manifest(System.String)"></member>
  </members>
</doc>