﻿<?xml version="1.0" encoding="utf-8"?>
<doc>
  <assembly>
    <name>Microsoft.ServiceModel.Channels.Mail.WindowsMobile</name>
  </assembly>
  <members>
    <member name="T:Microsoft.ServiceModel.Channels.Mail.WindowsMobile.WindowsMobileMailBinding">
      <summary>Represents the mail binding for Windows Mobile devices.</summary>
    </member>
    <member name="M:Microsoft.ServiceModel.Channels.Mail.WindowsMobile.WindowsMobileMailBinding.#ctor">
      <summary>Initializes a new instance of the <see cref="T:Microsoft.ServiceModel.Channels.Mail.WindowsMobile.WindowsMobileMailBinding" /> class.</summary>
    </member>
    <member name="M:Microsoft.ServiceModel.Channels.Mail.WindowsMobile.WindowsMobileMailBinding.#ctor(Microsoft.ServiceModel.Channels.Mail.MailSecurityMode)">
      <summary>Initializes a new instance of the <see cref="T:Microsoft.ServiceModel.Channels.Mail.WindowsMobile.WindowsMobileMailBinding" /> class using the specified security mode.</summary>
      <param name="mode">A <see cref="T:Microsoft.ServiceModel.Channels.Mail.MailSecurityMode" /> enumeration value that represents the SOAP message security for the binding.</param>
      <exception cref="T:System.ArgumentOutofRangeException">The <see cref="T:Microsoft.ServiceModel.Channels.Mail.MailSecurityMode" /> enumeration is set to a value that is not supported.</exception>
    </member>
    <member name="T:Microsoft.ServiceModel.Channels.Mail.WindowsMobile.WindowsMobileMailTransport">
      <summary>Represents the mail transport for Windows Mobile devices.</summary>
    </member>
    <member name="M:Microsoft.ServiceModel.Channels.Mail.WindowsMobile.WindowsMobileMailTransport.#ctor">
      <summary>Initializes a new instance of the <see cref="T:Microsoft.ServiceModel.Channels.Mail.WindowsMobile.WindowsMobileMailTransport" /> class.</summary>
    </member>
    <member name="P:Microsoft.ServiceModel.Channels.Mail.WindowsMobile.WindowsMobileMailTransport.IsQueued">
      <summary>Gets a value that indicates whether the mail transport supports queueing.</summary>
      <returns>This property always returns true for the mail transport for Windows Mobile devices.</returns>
    </member>
    <member name="T:Microsoft.ServiceModel.Channels.Mail.WindowsMobile.WindowsMobileMailTransportBindingElement">
      <summary>Represents the mail transport binding element for Windows Mobile devices.</summary>
    </member>
    <member name="M:Microsoft.ServiceModel.Channels.Mail.WindowsMobile.WindowsMobileMailTransportBindingElement.#ctor">
      <summary>Initializes a new instance of the <see cref="T:Microsoft.ServiceModel.Channels.Mail.WindowsMobile.WindowsMobileMailTransportBindingElement" /> class.</summary>
    </member>
    <member name="M:Microsoft.ServiceModel.Channels.Mail.WindowsMobile.WindowsMobileMailTransportBindingElement.Clone">
      <summary>Creates a copy of the current binding element.</summary>
      <returns>A copy of the current binding element.</returns>
    </member>
  </members>
</doc>