﻿<?xml version="1.0" encoding="utf-8"?>
<doc>
  <assembly>
    <name>PresentationFramework.Luna</name>
  </assembly>
  <members>
    <member name="T:Microsoft.Windows.Themes.ButtonChrome">
      <summary>
                    Creates the theme-specific look for Microsoft .NET Framework <see cref="T:System.Windows.Controls.Button" /> elements.
                </summary>
    </member>
    <member name="M:Microsoft.Windows.Themes.ButtonChrome.#ctor">
      <summary>
                    Initializes a new instance of the <see cref="T:Microsoft.Windows.Themes.BulletChrome" /> class.
                </summary>
    </member>
    <member name="P:Microsoft.Windows.Themes.ButtonChrome.BorderBrush">
      <summary>
                    Gets or sets the brush used to draw the outer border of the <see cref="T:System.Windows.Controls.Button" />. This is a dependency property. 
                </summary>
      <returns>
                    The brush used to draw the outer border of the <see cref="T:System.Windows.Controls.Button" />.
                </returns>
    </member>
    <member name="F:Microsoft.Windows.Themes.ButtonChrome.BorderBrushProperty">
      <summary>
                    Identifies the <see cref="P:Microsoft.Windows.Themes.ButtonChrome.BorderBrush" /> dependency property.
                </summary>
      <returns>
                    The identifier for the <see cref="P:Microsoft.Windows.Themes.ButtonChrome.BorderBrush" /> dependency property.
                </returns>
    </member>
    <member name="P:Microsoft.Windows.Themes.ButtonChrome.RenderDefaulted">
      <summary>
                    Gets or sets a value indicating whether the <see cref="T:System.Windows.Controls.Button" /> has the appearance of the default button on the form. This is a dependency property. 
                </summary>
      <returns>true if the <see cref="T:System.Windows.Controls.Button" /> has the appearance of the default button; otherwise false.
                </returns>
    </member>
    <member name="F:Microsoft.Windows.Themes.ButtonChrome.RenderDefaultedProperty">
      <summary>
                    Identifies the <see cref="P:Microsoft.Windows.Themes.ButtonChrome.RenderDefaulted" /> dependency property.
                </summary>
      <returns>
                    The identifier for the <see cref="P:Microsoft.Windows.Themes.ButtonChrome.RenderDefaulted" /> dependency property.
                </returns>
    </member>
    <member name="P:Microsoft.Windows.Themes.ButtonChrome.RenderMouseOver">
      <summary>
                    Gets or sets a value indicating whether the <see cref="T:System.Windows.Controls.Button" /> appears as if the mouse is over it. This is a dependency property. 
                </summary>
      <returns>true if the <see cref="T:System.Windows.Controls.Button" /> appears as if the mouse is over it; otherwise false.
                </returns>
    </member>
    <member name="F:Microsoft.Windows.Themes.ButtonChrome.RenderMouseOverProperty">
      <summary>
                    Identifies the <see cref="P:Microsoft.Windows.Themes.ButtonChrome.RenderMouseOver" /> dependency property.
                </summary>
      <returns>
                    The identifier for the <see cref="P:Microsoft.Windows.Themes.ButtonChrome.RenderMouseOver" /> dependency property.
                </returns>
    </member>
    <member name="P:Microsoft.Windows.Themes.ButtonChrome.RenderPressed">
      <summary>
                    Gets or sets a value indicating whether the <see cref="T:System.Windows.Controls.Button" /> appears pressed. This is a dependency property. 
                </summary>
      <returns>true if the <see cref="T:System.Windows.Controls.Button" /> appears pressed; otherwise false.
                </returns>
    </member>
    <member name="F:Microsoft.Windows.Themes.ButtonChrome.RenderPressedProperty">
      <summary>
                    Identifies the <see cref="P:Microsoft.Windows.Themes.ButtonChrome.RenderPressed" /> dependency property.
                </summary>
      <returns>
                    The identifier for the <see cref="P:Microsoft.Windows.Themes.ButtonChrome.RenderPressed" /> dependency property.
                </returns>
    </member>
    <member name="P:Microsoft.Windows.Themes.ButtonChrome.Fill">
      <summary>
                    Gets or sets the brush used to draw the color inside the <see cref="T:System.Windows.Controls.Button" />. This is a dependency property. 
                </summary>
      <returns>
                    The brush.
                </returns>
    </member>
    <member name="F:Microsoft.Windows.Themes.ButtonChrome.FillProperty">
      <summary>
                    Identifies the <see cref="P:Microsoft.Windows.Themes.ButtonChrome.Fill" /> dependency property.
                </summary>
      <returns>
                    The identifier for the <see cref="P:Microsoft.Windows.Themes.ButtonChrome.Fill" /> dependency property.
                </returns>
    </member>
    <member name="P:Microsoft.Windows.Themes.ButtonChrome.ThemeColor">
      <summary>
                    Gets or sets the theme color. This is a dependency property. 
                </summary>
      <returns>
                    A value in the enumeration.
                </returns>
    </member>
    <member name="F:Microsoft.Windows.Themes.ButtonChrome.ThemeColorProperty">
      <summary>
                    Identifies the <see cref="P:Microsoft.Windows.Themes.ButtonChrome.ThemeColor" /> dependency property.
                </summary>
      <returns>
                    The identifier for the <see cref="P:Microsoft.Windows.Themes.ButtonChrome.ThemeColor" /> dependency property.
                </returns>
    </member>
    <member name="T:Microsoft.Windows.Themes.ScrollChrome">
      <summary>
                    Creates the theme-specific look for Microsoft .NET Framework <see cref="T:System.Windows.Controls.Primitives.ScrollBar" /> elements.
                </summary>
    </member>
    <member name="M:Microsoft.Windows.Themes.ScrollChrome.#ctor">
      <summary>
                    Initializes a new instance of the <see cref="T:Microsoft.Windows.Themes.ScrollChrome" /> class.    
                </summary>
    </member>
    <member name="M:Microsoft.Windows.Themes.ScrollChrome.GetScrollGlyph(System.Windows.DependencyObject)">
      <summary>
                    Gets the value of the <see cref="T:Microsoft.Windows.Themes.ScrollGlyph" /> attached property.    
                </summary>
      <returns>
                    One of the enumeration values.   
                </returns>
      <param name="element">
                    The dependency object to which the <see cref="T:Microsoft.Windows.Themes.ScrollGlyph" /> is attached.   
                </param>
    </member>
    <member name="P:Microsoft.Windows.Themes.ScrollChrome.HasOuterBorder">
      <summary>
                    Gets or sets a value indicating whether the <see cref="T:System.Windows.Controls.Primitives.ScrollBar" /> renders with a white outer border. This is a dependency property. 
                </summary>
      <returns>true if the <see cref="T:System.Windows.Controls.Primitives.ScrollBar" /> renders with a white outer border; otherwise false.
                </returns>
    </member>
    <member name="F:Microsoft.Windows.Themes.ScrollChrome.HasOuterBorderProperty">
      <summary>
                    Identifies the <see cref="P:Microsoft.Windows.Themes.ScrollChrome.HasOuterBorder" /> dependency property.
                </summary>
      <returns>
                    The identifier for the <see cref="P:Microsoft.Windows.Themes.ScrollChrome.HasOuterBorder" /> dependency property.
                </returns>
    </member>
    <member name="P:Microsoft.Windows.Themes.ScrollChrome.Padding">
      <summary>
                    Gets or sets a value that describes the amount of space between a <see cref="T:System.Windows.Controls.Primitives.ScrollBar" /> and its child element. This is a dependency property. 
                </summary>
      <returns>
                    A <see cref="T:System.Windows.Thickness" /> value that describes the amount of space between a <see cref="T:System.Windows.Controls.Primitives.ScrollBar" /> and its child element.
                </returns>
    </member>
    <member name="F:Microsoft.Windows.Themes.ScrollChrome.PaddingProperty">
      <summary>
                    Identifies the <see cref="P:Microsoft.Windows.Themes.ScrollChrome.Padding" /> dependency property.
                </summary>
      <returns>
                    The identifier for the <see cref="P:Microsoft.Windows.Themes.ScrollChrome.Padding" /> dependency property.
                </returns>
    </member>
    <member name="P:Microsoft.Windows.Themes.ScrollChrome.RenderMouseOver">
      <summary>
                    Gets or sets a value indicating whether the <see cref="T:System.Windows.Controls.Primitives.ScrollBar" /> appears as if the mouse is over it. This is a dependency property. 
                </summary>
      <returns>true if the <see cref="T:System.Windows.Controls.Primitives.ScrollBar" /> appears as if the mouse is over it; otherwise false.
                </returns>
    </member>
    <member name="F:Microsoft.Windows.Themes.ScrollChrome.RenderMouseOverProperty">
      <summary>
                    Identifies the <see cref="P:Microsoft.Windows.Themes.ScrollChrome.RenderMouseOver" /> dependency property.
                </summary>
      <returns>
                    The identifier for the <see cref="P:Microsoft.Windows.Themes.ScrollChrome.RenderMouseOver" /> dependency property.
                </returns>
    </member>
    <member name="P:Microsoft.Windows.Themes.ScrollChrome.RenderPressed">
      <summary>
                    Gets or sets a value indicating whether the <see cref="T:System.Windows.Controls.Primitives.ScrollBar" /> appears pressed.
                </summary>
      <returns>true if the <see cref="T:System.Windows.Controls.Primitives.ScrollBar" /> appears pressed; otherwise false.
                </returns>
    </member>
    <member name="F:Microsoft.Windows.Themes.ScrollChrome.RenderPressedProperty">
      <summary>
                    Identifies the <see cref="P:Microsoft.Windows.Themes.ScrollChrome.RenderPressed" /> dependency property.
                </summary>
      <returns>
                    The identifier for the <see cref="P:Microsoft.Windows.Themes.ScrollChrome.RenderPressed" /> dependency property.
                </returns>
    </member>
    <member name="F:Microsoft.Windows.Themes.ScrollChrome.ScrollGlyphProperty">
      <summary>
                    Identifies the <see cref="T:Microsoft.Windows.Themes.ScrollGlyph" /> attached property.   
                </summary>
      <returns>
                    The <see cref="T:Microsoft.Windows.Themes.ScrollGlyph" /> attached property identifier. 
                </returns>
    </member>
    <member name="M:Microsoft.Windows.Themes.ScrollChrome.SetScrollGlyph(System.Windows.DependencyObject,Microsoft.Windows.Themes.ScrollGlyph)">
      <summary>
                    Sets the value of the <see cref="P:Microsoft.Windows.Themes.ScrollChrome.ScrollGlyph" /> attached property.    
                </summary>
      <param name="element">
                    The dependency object to which the <see cref="T:Microsoft.Windows.Themes.ScrollGlyph" /> is attached.   
                </param>
      <param name="value">
                    One of the enumeration values.   
                </param>
    </member>
    <member name="P:Microsoft.Windows.Themes.ScrollChrome.ThemeColor">
      <summary>
                    Gets or sets the color of the theme. 
                </summary>
      <returns>
                    A value in the enumeration.
                </returns>
    </member>
    <member name="F:Microsoft.Windows.Themes.ScrollChrome.ThemeColorProperty">
      <summary>
                    Identifies the <see cref="P:Microsoft.Windows.Themes.ScrollChrome.ThemeColor" /> dependency property.
                </summary>
      <returns>
                    The identifier for the <see cref="P:Microsoft.Windows.Themes.ScrollChrome.ThemeColor" /> dependency property.
                </returns>
    </member>
    <member name="T:Microsoft.Windows.Themes.ThemeColor">
      <summary>
                    Represents possible color variants for the Microsoft themes. 
                </summary>
    </member>
    <member name="F:Microsoft.Windows.Themes.ThemeColor.NormalColor">
      <summary>
                    Used by the Luna, Aero, and Classic themes; the localized color name is Blue.
                </summary>
    </member>
    <member name="F:Microsoft.Windows.Themes.ThemeColor.Homestead">
      <summary>
                    Used by the Luna theme; the localized color name is Olive.
                </summary>
    </member>
    <member name="F:Microsoft.Windows.Themes.ThemeColor.Metallic">
      <summary>
                    Used by the Luna theme; the localized color name is Sliver.
                </summary>
    </member>
  </members>
</doc>